Employee ID,Start Time,End Time
1,12/5/2011 8:17,12/5/2011 16:07
1,12/6/2011 8:12,12/6/2011 16:07
1,12/7/2011 8:13,12/7/2011 16:06
1,12/8/2011 8:16,12/8/2011 16:03
1,12/9/2011 8:15,12/9/2011 16:17
1,12/10/2011 8:07,12/10/2011 16:16
1,12/11/2011 8:18,12/11/2011 16:10
1,12/12/2011 8:03,12/12/2011 16:10
1,12/13/2011 8:06,12/13/2011 16:15
1,12/14/2011 8:19,12/14/2011 16:05
1,12/15/2011 8:06,12/15/2011 16:14
1,12/16/2011 8:06,12/16/2011 16:01
1,12/17/2011 8:10,12/17/2011 16:01
1,12/18/2011 8:00,12/18/2011 16:06
1,12/19/2011 8:13,12/19/2011 16:01
1,12/20/2011 8:04,12/20/2011 16:06
1,12/21/2011 8:09,12/21/2011 16:17
1,12/22/2011 8:04,12/22/2011 16:06
1,12/23/2011 8:12,12/23/2011 16:02
1,12/24/2011 8:13,12/24/2011 16:18
1,12/25/2011 8:00,12/25/2011 16:01
1,12/26/2011 8:05,12/26/2011 16:00
1,12/27/2011 8:07,12/27/2011 16:12
1,12/28/2011 8:02,12/28/2011 16:02
1,12/29/2011 8:07,12/29/2011 16:17
1,12/30/2011 8:16,12/30/2011 16:10
1,12/31/2011 8:16,12/31/2011 16:01
1,1/1/2012 8:08,1/1/2012 16:07
1,1/2/2012 8:04,1/2/2012 16:17
1,1/3/2012 8:19,1/3/2012 16:03
1,1/4/2012 8:07,1/4/2012 16:05
1,1/5/2012 8:14,1/5/2012 16:19
1,1/6/2012 8:04,1/6/2012 16:04
1,1/7/2012 8:07,1/7/2012 16:00
1,1/8/2012 8:14,1/8/2012 16:12
1,1/9/2012 8:18,1/9/2012 16:12
1,1/10/2012 8:12,1/10/2012 16:05
1,1/11/2012 8:05,1/11/2012 16:08
1,1/12/2012 8:00,1/12/2012 16:11
1,1/13/2012 8:00,1/13/2012 16:00
1,1/14/2012 8:01,1/14/2012 16:06
1,1/15/2012 8:03,1/15/2012 16:12
1,1/16/2012 8:18,1/16/2012 16:18
1,1/17/2012 8:02,1/17/2012 16:09
1,1/18/2012 8:09,1/18/2012 16:02
1,1/19/2012 8:12,1/19/2012 16:14
1,1/20/2012 8:18,1/20/2012 16:14
1,1/21/2012 8:15,1/21/2012 16:13
1,1/22/2012 8:10,1/22/2012 16:02
1,1/23/2012 8:16,1/23/2012 16:10
1,1/24/2012 8:10,1/24/2012 16:07
1,1/25/2012 8:14,1/25/2012 16:03
1,1/26/2012 8:14,1/26/2012 16:00
1,1/27/2012 8:19,1/27/2012 16:02
1,1/28/2012 8:17,1/28/2012 16:18
1,1/29/2012 8:15,1/29/2012 16:00
1,1/30/2012 8:16,1/30/2012 16:08
1,1/31/2012 8:11,1/31/2012 16:09
1,2/1/2012 8:03,2/1/2012 16:11
1,2/2/2012 8:14,2/2/2012 16:16
1,2/3/2012 8:11,2/3/2012 16:18
1,2/4/2012 8:09,2/4/2012 16:13
1,2/5/2012 8:18,2/5/2012 16:15
1,2/6/2012 8:00,2/6/2012 16:05
1,2/7/2012 8:12,2/7/2012 16:09
1,2/8/2012 8:09,2/8/2012 16:19
1,2/9/2012 8:05,2/9/2012 16:18
1,2/10/2012 8:00,2/10/2012 16:05
1,2/11/2012 8:05,2/11/2012 16:00
1,2/12/2012 8:15,2/12/2012 16:18
1,2/13/2012 8:10,2/13/2012 16:12
1,2/14/2012 8:17,2/14/2012 16:05
1,2/15/2012 8:16,2/15/2012 16:01
1,2/16/2012 8:14,2/16/2012 16:07
1,2/17/2012 8:11,2/17/2012 16:13
1,2/18/2012 8:01,2/18/2012 16:19
1,2/19/2012 8:10,2/19/2012 16:16
1,2/20/2012 8:15,2/20/2012 16:16
1,2/21/2012 8:10,2/21/2012 16:06
1,2/22/2012 8:14,2/22/2012 16:19
1,2/23/2012 8:04,2/23/2012 16:17
1,2/24/2012 8:15,2/24/2012 16:09
1,2/25/2012 8:11,2/25/2012 16:01
1,2/26/2012 8:01,2/26/2012 16:12
1,2/27/2012 8:02,2/27/2012 16:05
1,2/28/2012 8:03,2/28/2012 16:00
1,2/29/2012 8:15,2/29/2012 16:17
1,3/1/2012 8:07,3/1/2012 16:01
1,3/2/2012 8:00,3/2/2012 16:03
1,3/3/2012 8:18,3/3/2012 16:03
1,3/4/2012 8:06,3/4/2012 16:01
1,3/5/2012 8:09,3/5/2012 16:01
1,3/6/2012 8:11,3/6/2012 16:11
1,3/7/2012 8:17,3/7/2012 16:14
1,3/8/2012 8:07,3/8/2012 16:07
1,3/9/2012 8:16,3/9/2012 16:08
1,3/10/2012 8:01,3/10/2012 16:06
1,3/11/2012 8:03,3/11/2012 16:16
1,3/12/2012 8:19,3/12/2012 16:09
1,3/13/2012 8:15,3/13/2012 16:01
1,3/14/2012 8:08,3/14/2012 16:11
1,3/15/2012 8:04,3/15/2012 16:13
1,3/16/2012 8:06,3/16/2012 16:05
1,3/17/2012 8:09,3/17/2012 16:07
1,3/18/2012 8:16,3/18/2012 16:10
1,3/19/2012 8:15,3/19/2012 16:15
1,3/20/2012 8:02,3/20/2012 16:11
1,3/21/2012 8:01,3/21/2012 16:05
1,3/22/2012 8:16,3/22/2012 16:01
1,3/23/2012 8:11,3/23/2012 16:09
1,3/24/2012 8:11,3/24/2012 16:06
1,3/25/2012 8:16,3/25/2012 16:02
1,3/26/2012 8:08,3/26/2012 16:07
1,3/27/2012 8:11,3/27/2012 16:07
1,3/28/2012 8:17,3/28/2012 16:03
1,3/29/2012 8:06,3/29/2012 16:14
1,3/30/2012 8:05,3/30/2012 16:19
1,3/31/2012 8:04,3/31/2012 16:11
1,4/1/2012 8:08,4/1/2012 16:11
1,4/2/2012 8:11,4/2/2012 16:04
1,4/3/2012 8:12,4/3/2012 16:19
1,4/4/2012 8:19,4/4/2012 16:09
1,4/5/2012 8:04,4/5/2012 16:11
1,4/6/2012 8:02,4/6/2012 16:17
1,4/7/2012 8:02,4/7/2012 16:04
1,4/8/2012 8:00,4/8/2012 16:14
1,4/9/2012 8:08,4/9/2012 16:11
1,4/10/2012 8:17,4/10/2012 16:11
1,4/11/2012 8:15,4/11/2012 16:18
1,4/12/2012 8:18,4/12/2012 16:16
1,4/13/2012 8:09,4/13/2012 16:00
1,4/14/2012 8:02,4/14/2012 16:18
1,4/15/2012 8:04,4/15/2012 16:13
1,4/16/2012 8:04,4/16/2012 16:18
1,4/17/2012 8:16,4/17/2012 16:00
1,4/18/2012 8:02,4/18/2012 16:19
1,4/19/2012 8:10,4/19/2012 16:12
1,4/20/2012 8:12,4/20/2012 16:13
1,4/21/2012 8:14,4/21/2012 16:04
1,4/22/2012 8:06,4/22/2012 16:10
1,4/23/2012 8:06,4/23/2012 16:18
1,4/24/2012 8:04,4/24/2012 16:10
1,4/25/2012 8:04,4/25/2012 16:12
1,4/26/2012 8:12,4/26/2012 16:10
1,4/27/2012 8:14,4/27/2012 16:06
1,4/28/2012 8:19,4/28/2012 16:15
1,4/29/2012 8:19,4/29/2012 16:13
1,4/30/2012 8:02,4/30/2012 16:10
1,5/1/2012 8:08,5/1/2012 16:10
1,5/2/2012 8:17,5/2/2012 16:09
1,5/3/2012 8:06,5/3/2012 16:14
1,5/4/2012 8:16,5/4/2012 16:02
1,5/5/2012 8:01,5/5/2012 16:03
1,5/6/2012 8:02,5/6/2012 16:07
1,5/7/2012 8:05,5/7/2012 16:17
1,5/8/2012 8:12,5/8/2012 16:17
1,5/9/2012 8:00,5/9/2012 16:14
1,5/10/2012 8:02,5/10/2012 16:03
1,5/11/2012 8:15,5/11/2012 16:17
1,5/12/2012 8:10,5/12/2012 16:14
1,5/13/2012 8:03,5/13/2012 16:02
1,5/14/2012 8:15,5/14/2012 16:05
1,5/15/2012 8:16,5/15/2012 16:08
1,5/16/2012 8:01,5/16/2012 16:12
1,5/17/2012 8:02,5/17/2012 16:02
1,5/18/2012 8:02,5/18/2012 16:00
1,5/19/2012 8:14,5/19/2012 16:07
1,5/20/2012 8:06,5/20/2012 16:17
1,5/21/2012 8:12,5/21/2012 16:01
1,5/22/2012 8:02,5/22/2012 16:00
1,5/23/2012 8:11,5/23/2012 16:11
1,5/24/2012 8:00,5/24/2012 16:09
1,5/25/2012 8:12,5/25/2012 16:18
1,5/26/2012 8:06,5/26/2012 16:04
1,5/27/2012 8:01,5/27/2012 16:14
1,5/28/2012 8:18,5/28/2012 16:10
1,5/29/2012 8:12,5/29/2012 16:09
1,5/30/2012 8:19,5/30/2012 16:12
1,5/31/2012 8:09,5/31/2012 16:06
1,6/1/2012 8:00,6/1/2012 16:18
1,6/2/2012 8:03,6/2/2012 16:06
1,6/3/2012 8:07,6/3/2012 16:18
1,6/4/2012 8:03,6/4/2012 16:02
1,6/5/2012 8:19,6/5/2012 16:09
1,6/6/2012 8:15,6/6/2012 16:11
1,6/7/2012 8:19,6/7/2012 16:15
1,6/8/2012 8:12,6/8/2012 16:09
1,6/9/2012 8:16,6/9/2012 16:13
1,6/10/2012 8:04,6/10/2012 16:05
1,6/11/2012 8:10,6/11/2012 16:01
1,6/12/2012 8:10,6/12/2012 16:11
1,6/13/2012 8:00,6/13/2012 16:10
1,6/14/2012 8:16,6/14/2012 16:18
1,6/15/2012 8:05,6/15/2012 16:12
1,6/16/2012 8:12,6/16/2012 16:06
1,6/17/2012 8:01,6/17/2012 16:11
1,6/18/2012 8:17,6/18/2012 16:13
1,6/19/2012 8:03,6/19/2012 16:08
1,6/20/2012 8:06,6/20/2012 16:19
1,6/21/2012 8:03,6/21/2012 16:04
1,6/22/2012 8:10,6/22/2012 16:05
1,6/23/2012 8:15,6/23/2012 16:07
1,6/24/2012 8:16,6/24/2012 16:03
1,6/25/2012 8:06,6/25/2012 16:10
1,6/26/2012 8:11,6/26/2012 16:06
1,6/27/2012 8:16,6/27/2012 16:08
1,6/28/2012 8:00,6/28/2012 16:10
1,6/29/2012 8:09,6/29/2012 16:05
1,6/30/2012 8:19,6/30/2012 16:04
1,7/1/2012 8:00,7/1/2012 16:00
1,7/2/2012 8:14,7/2/2012 16:17
1,7/3/2012 8:06,7/3/2012 16:10
1,7/4/2012 8:01,7/4/2012 16:17
1,7/5/2012 8:15,7/5/2012 16:07
1,7/6/2012 8:15,7/6/2012 16:19
1,7/7/2012 8:14,7/7/2012 16:07
1,7/8/2012 8:03,7/8/2012 16:16
1,7/9/2012 8:05,7/9/2012 16:02
1,7/10/2012 8:09,7/10/2012 16:03
1,7/11/2012 8:14,7/11/2012 16:06
1,7/12/2012 8:01,7/12/2012 16:17
1,7/13/2012 8:12,7/13/2012 16:08
1,7/14/2012 8:00,7/14/2012 16:02
1,7/15/2012 8:19,7/15/2012 16:19
1,7/16/2012 8:06,7/16/2012 16:02
1,7/17/2012 8:16,7/17/2012 16:18
1,7/18/2012 8:19,7/18/2012 16:08
1,7/19/2012 8:16,7/19/2012 16:06
1,7/20/2012 8:09,7/20/2012 16:01
1,7/21/2012 8:09,7/21/2012 16:13
1,7/22/2012 8:01,7/22/2012 16:17
1,7/23/2012 8:09,7/23/2012 16:07
1,7/24/2012 8:17,7/24/2012 16:17
1,7/25/2012 8:11,7/25/2012 16:02
1,7/26/2012 8:17,7/26/2012 16:16
1,7/27/2012 8:19,7/27/2012 16:07
1,7/28/2012 8:15,7/28/2012 16:00
1,7/29/2012 8:14,7/29/2012 16:07
1,7/30/2012 8:09,7/30/2012 16:04
1,7/31/2012 8:19,7/31/2012 16:15
1,8/1/2012 8:09,8/1/2012 16:14
1,8/2/2012 8:11,8/2/2012 16:13
1,8/3/2012 8:19,8/3/2012 16:07
1,8/4/2012 8:05,8/4/2012 16:00
1,8/5/2012 8:10,8/5/2012 16:00
1,8/6/2012 8:05,8/6/2012 16:02
1,8/7/2012 8:10,8/7/2012 16:00
1,8/8/2012 8:08,8/8/2012 16:07
1,8/9/2012 8:19,8/9/2012 16:19
1,8/10/2012 8:18,8/10/2012 16:13
1,8/11/2012 8:08,8/11/2012 16:07
1,8/12/2012 8:05,8/12/2012 16:11
1,8/13/2012 8:07,8/13/2012 16:07
1,8/14/2012 8:14,8/14/2012 16:05
1,8/15/2012 8:13,8/15/2012 16:19
1,8/16/2012 8:16,8/16/2012 16:18
1,8/17/2012 8:02,8/17/2012 16:17
1,8/18/2012 8:13,8/18/2012 16:18
1,8/19/2012 8:15,8/19/2012 16:09
1,8/20/2012 8:17,8/20/2012 16:06
1,8/21/2012 8:13,8/21/2012 16:00
1,8/22/2012 8:00,8/22/2012 16:05
1,8/23/2012 8:19,8/23/2012 16:06
1,8/24/2012 8:01,8/24/2012 16:04
1,8/25/2012 8:13,8/25/2012 16:17
1,8/26/2012 8:03,8/26/2012 16:18
1,8/27/2012 8:00,8/27/2012 16:02
1,8/28/2012 8:15,8/28/2012 16:04
1,8/29/2012 8:19,8/29/2012 16:07
1,8/30/2012 8:04,8/30/2012 16:19
1,8/31/2012 8:14,8/31/2012 16:13
1,9/1/2012 8:08,9/1/2012 16:16
1,9/2/2012 8:03,9/2/2012 16:19
1,9/3/2012 8:02,9/3/2012 16:08
1,9/4/2012 8:05,9/4/2012 16:10
1,9/5/2012 8:06,9/5/2012 16:12
1,9/6/2012 8:04,9/6/2012 16:04
1,9/7/2012 8:08,9/7/2012 16:04
1,9/8/2012 8:00,9/8/2012 16:03
1,9/9/2012 8:15,9/9/2012 16:10
1,9/10/2012 8:06,9/10/2012 16:09
1,9/11/2012 8:14,9/11/2012 16:14
1,9/12/2012 8:15,9/12/2012 16:10
1,9/13/2012 8:00,9/13/2012 16:14
1,9/14/2012 8:08,9/14/2012 16:07
1,9/15/2012 8:18,9/15/2012 16:04
1,9/16/2012 8:19,9/16/2012 16:03
1,9/17/2012 8:16,9/17/2012 16:01
1,9/18/2012 8:05,9/18/2012 16:05
1,9/19/2012 8:09,9/19/2012 16:08
1,9/20/2012 8:11,9/20/2012 16:14
1,9/21/2012 8:09,9/21/2012 16:08
1,9/22/2012 8:07,9/22/2012 16:10
1,9/23/2012 8:07,9/23/2012 16:18
1,9/24/2012 8:03,9/24/2012 16:09
1,9/25/2012 8:03,9/25/2012 16:05
1,9/26/2012 8:17,9/26/2012 16:02
1,9/27/2012 8:10,9/27/2012 16:08
1,9/28/2012 8:16,9/28/2012 16:13
1,9/29/2012 8:13,9/29/2012 16:02
1,9/30/2012 8:12,9/30/2012 16:09
1,10/1/2012 8:08,10/1/2012 16:02
1,10/2/2012 8:04,10/2/2012 16:07
1,10/3/2012 8:19,10/3/2012 16:03
1,10/4/2012 8:13,10/4/2012 16:17
1,10/5/2012 8:11,10/5/2012 16:03
1,10/6/2012 8:16,10/6/2012 16:14
1,10/7/2012 8:15,10/7/2012 16:00
1,10/8/2012 8:16,10/8/2012 16:13
1,10/9/2012 8:03,10/9/2012 16:05
1,10/10/2012 8:05,10/10/2012 16:18
1,10/11/2012 8:12,10/11/2012 16:09
1,10/12/2012 8:06,10/12/2012 16:10
1,10/13/2012 8:00,10/13/2012 16:14
1,10/14/2012 8:11,10/14/2012 16:03
1,10/15/2012 8:01,10/15/2012 16:06
1,10/16/2012 8:17,10/16/2012 16:16
1,10/17/2012 8:08,10/17/2012 16:14
1,10/18/2012 8:19,10/18/2012 16:05
1,10/19/2012 8:08,10/19/2012 16:00
1,10/20/2012 8:15,10/20/2012 16:00
1,10/21/2012 8:18,10/21/2012 16:17
1,10/22/2012 8:14,10/22/2012 16:05
1,10/23/2012 8:17,10/23/2012 16:04
1,10/24/2012 8:12,10/24/2012 16:13
1,10/25/2012 8:08,10/25/2012 16:19
1,10/26/2012 8:01,10/26/2012 16:14
1,10/27/2012 8:03,10/27/2012 16:16
1,10/28/2012 8:05,10/28/2012 16:17
1,10/29/2012 8:14,10/29/2012 16:10
1,10/30/2012 8:19,10/30/2012 16:09
1,10/31/2012 8:10,10/31/2012 16:07
1,11/1/2012 8:05,11/1/2012 16:02
1,11/2/2012 8:15,11/2/2012 16:06
1,11/3/2012 8:06,11/3/2012 16:08
1,11/4/2012 8:16,11/4/2012 16:12
1,11/5/2012 8:16,11/5/2012 16:16
1,11/6/2012 8:07,11/6/2012 16:13
1,11/7/2012 8:14,11/7/2012 16:08
1,11/8/2012 8:07,11/8/2012 16:11
1,11/9/2012 8:18,11/9/2012 16:19
1,11/10/2012 8:13,11/10/2012 16:11
1,11/11/2012 8:11,11/11/2012 16:04
1,11/12/2012 8:16,11/12/2012 16:06
1,11/13/2012 8:00,11/13/2012 16:09
1,11/14/2012 8:14,11/14/2012 16:05
1,11/15/2012 8:15,11/15/2012 16:14
1,11/16/2012 8:19,11/16/2012 16:02
1,11/17/2012 8:00,11/17/2012 16:14
1,11/18/2012 8:14,11/18/2012 16:05
1,11/19/2012 8:15,11/19/2012 16:07
1,11/20/2012 8:01,11/20/2012 16:02
1,11/21/2012 8:13,11/21/2012 16:06
1,11/22/2012 8:14,11/22/2012 16:08
1,11/23/2012 8:15,11/23/2012 16:13
1,11/24/2012 8:10,11/24/2012 16:01
1,11/25/2012 8:02,11/25/2012 16:05
1,11/26/2012 8:19,11/26/2012 16:07
1,11/27/2012 8:08,11/27/2012 16:00
1,11/28/2012 8:01,11/28/2012 16:15
1,11/29/2012 8:17,11/29/2012 16:12
1,11/30/2012 8:08,11/30/2012 16:14
1,12/1/2012 8:10,12/1/2012 16:18
1,12/2/2012 8:08,12/2/2012 16:13
1,12/3/2012 8:04,12/3/2012 16:17
1,12/4/2012 8:01,12/4/2012 16:02
1,12/5/2012 8:16,12/5/2012 16:06
2,12/5/2011 8:01,12/5/2011 16:17
2,12/6/2011 8:01,12/6/2011 16:01
2,12/7/2011 8:08,12/7/2011 16:07
2,12/8/2011 8:05,12/8/2011 16:06
2,12/9/2011 8:14,12/9/2011 16:05
2,12/10/2011 8:10,12/10/2011 16:12
2,12/11/2011 8:08,12/11/2011 16:10
2,12/12/2011 8:00,12/12/2011 16:12
2,12/13/2011 8:07,12/13/2011 16:07
2,12/14/2011 8:14,12/14/2011 16:17
2,12/15/2011 8:00,12/15/2011 16:05
2,12/16/2011 8:06,12/16/2011 16:02
2,12/17/2011 8:19,12/17/2011 16:16
2,12/18/2011 8:09,12/18/2011 16:15
2,12/19/2011 8:11,12/19/2011 16:14
2,12/20/2011 8:10,12/20/2011 16:07
2,12/21/2011 8:01,12/21/2011 16:15
2,12/22/2011 8:15,12/22/2011 16:04
2,12/23/2011 8:14,12/23/2011 16:02
2,12/24/2011 8:18,12/24/2011 16:19
2,12/25/2011 8:09,12/25/2011 16:18
2,12/26/2011 8:13,12/26/2011 16:06
2,12/27/2011 8:05,12/27/2011 16:10
2,12/28/2011 8:18,12/28/2011 16:18
2,12/29/2011 8:12,12/29/2011 16:00
2,12/30/2011 8:19,12/30/2011 16:12
2,12/31/2011 8:19,12/31/2011 16:02
2,1/1/2012 8:02,1/1/2012 16:15
2,1/2/2012 8:09,1/2/2012 16:03
2,1/3/2012 8:09,1/3/2012 16:03
2,1/4/2012 8:13,1/4/2012 16:15
2,1/5/2012 8:02,1/5/2012 16:07
2,1/6/2012 8:03,1/6/2012 16:04
2,1/7/2012 8:08,1/7/2012 16:00
2,1/8/2012 8:02,1/8/2012 16:09
2,1/9/2012 8:08,1/9/2012 16:16
2,1/10/2012 8:05,1/10/2012 16:17
2,1/11/2012 8:19,1/11/2012 16:09
2,1/12/2012 8:01,1/12/2012 16:13
2,1/13/2012 8:19,1/13/2012 16:08
2,1/14/2012 8:01,1/14/2012 16:00
2,1/15/2012 8:01,1/15/2012 16:11
2,1/16/2012 8:12,1/16/2012 16:07
2,1/17/2012 8:02,1/17/2012 16:10
2,1/18/2012 8:07,1/18/2012 16:14
2,1/19/2012 8:03,1/19/2012 16:09
2,1/20/2012 8:10,1/20/2012 16:05
2,1/21/2012 8:14,1/21/2012 16:09
2,1/22/2012 8:15,1/22/2012 16:17
2,1/23/2012 8:05,1/23/2012 16:18
2,1/24/2012 8:13,1/24/2012 16:04
2,1/25/2012 8:05,1/25/2012 16:07
2,1/26/2012 8:10,1/26/2012 16:11
2,1/27/2012 8:14,1/27/2012 16:10
2,1/28/2012 8:17,1/28/2012 16:03
2,1/29/2012 8:14,1/29/2012 16:19
2,1/30/2012 8:07,1/30/2012 16:00
2,1/31/2012 8:18,1/31/2012 16:05
2,2/1/2012 8:11,2/1/2012 16:00
2,2/2/2012 8:04,2/2/2012 16:12
2,2/3/2012 8:05,2/3/2012 16:02
2,2/4/2012 8:19,2/4/2012 16:03
2,2/5/2012 8:14,2/5/2012 16:04
2,2/6/2012 8:05,2/6/2012 16:04
2,2/7/2012 8:04,2/7/2012 16:12
2,2/8/2012 8:04,2/8/2012 16:09
2,2/9/2012 8:15,2/9/2012 16:10
2,2/10/2012 8:19,2/10/2012 16:13
2,2/11/2012 8:04,2/11/2012 16:05
2,2/12/2012 8:15,2/12/2012 16:00
2,2/13/2012 8:18,2/13/2012 16:06
2,2/14/2012 8:07,2/14/2012 16:01
2,2/15/2012 8:03,2/15/2012 16:06
2,2/16/2012 8:17,2/16/2012 16:13
2,2/17/2012 8:07,2/17/2012 16:13
2,2/18/2012 8:14,2/18/2012 16:12
2,2/19/2012 8:19,2/19/2012 16:05
2,2/20/2012 8:13,2/20/2012 16:02
2,2/21/2012 8:07,2/21/2012 16:16
2,2/22/2012 8:05,2/22/2012 16:17
2,2/23/2012 8:18,2/23/2012 16:15
2,2/24/2012 8:16,2/24/2012 16:14
2,2/25/2012 8:05,2/25/2012 16:19
2,2/26/2012 8:08,2/26/2012 16:18
2,2/27/2012 8:19,2/27/2012 16:00
2,2/28/2012 8:01,2/28/2012 16:09
2,2/29/2012 8:16,2/29/2012 16:09
2,3/1/2012 8:15,3/1/2012 16:00
2,3/2/2012 8:06,3/2/2012 16:14
2,3/3/2012 8:00,3/3/2012 16:06
2,3/4/2012 8:09,3/4/2012 16:01
2,3/5/2012 8:13,3/5/2012 16:12
2,3/6/2012 8:08,3/6/2012 16:18
2,3/7/2012 8:06,3/7/2012 16:05
2,3/8/2012 8:12,3/8/2012 16:14
2,3/9/2012 8:08,3/9/2012 16:18
2,3/10/2012 8:02,3/10/2012 16:13
2,3/11/2012 8:12,3/11/2012 16:13
2,3/12/2012 8:16,3/12/2012 16:18
2,3/13/2012 8:20,3/13/2012 16:07
2,3/14/2012 8:11,3/14/2012 16:14
2,3/15/2012 8:01,3/15/2012 16:13
2,3/16/2012 8:01,3/16/2012 16:13
2,3/17/2012 8:19,3/17/2012 16:18
2,3/18/2012 8:08,3/18/2012 16:09
2,3/19/2012 8:04,3/19/2012 16:06
2,3/20/2012 8:15,3/20/2012 16:00
2,3/21/2012 8:18,3/21/2012 16:06
2,3/22/2012 8:11,3/22/2012 16:15
2,3/23/2012 8:19,3/23/2012 16:03
2,3/24/2012 8:16,3/24/2012 16:04
2,3/25/2012 8:19,3/25/2012 16:17
2,3/26/2012 8:05,3/26/2012 16:12
2,3/27/2012 8:11,3/27/2012 16:16
2,3/28/2012 8:00,3/28/2012 16:18
2,3/29/2012 8:03,3/29/2012 16:01
2,3/30/2012 8:15,3/30/2012 16:11
2,3/31/2012 8:06,3/31/2012 16:16
2,4/1/2012 8:15,4/1/2012 16:04
2,4/2/2012 8:19,4/2/2012 16:19
2,4/3/2012 8:08,4/3/2012 16:15
2,4/4/2012 8:18,4/4/2012 16:02
2,4/5/2012 8:06,4/5/2012 16:06
2,4/6/2012 8:07,4/6/2012 16:07
2,4/7/2012 8:02,4/7/2012 16:13
2,4/8/2012 8:13,4/8/2012 16:16
2,4/9/2012 8:11,4/9/2012 16:15
2,4/10/2012 8:16,4/10/2012 16:18
2,4/11/2012 8:13,4/11/2012 16:18
2,4/12/2012 8:09,4/12/2012 16:10
2,4/13/2012 8:01,4/13/2012 16:08
2,4/14/2012 8:15,4/14/2012 16:12
2,4/15/2012 8:03,4/15/2012 16:18
2,4/16/2012 8:14,4/16/2012 16:06
2,4/17/2012 8:17,4/17/2012 16:02
2,4/18/2012 8:08,4/18/2012 16:13
2,4/19/2012 8:07,4/19/2012 16:02
2,4/20/2012 8:07,4/20/2012 16:10
2,4/21/2012 8:12,4/21/2012 16:05
2,4/22/2012 8:01,4/22/2012 16:09
2,4/23/2012 8:07,4/23/2012 16:00
2,4/24/2012 8:14,4/24/2012 16:15
2,4/25/2012 8:06,4/25/2012 16:05
2,4/26/2012 8:02,4/26/2012 16:00
2,4/27/2012 8:12,4/27/2012 16:11
2,4/28/2012 8:03,4/28/2012 16:08
2,4/29/2012 8:10,4/29/2012 16:03
2,4/30/2012 8:04,4/30/2012 16:01
2,5/1/2012 8:16,5/1/2012 16:07
2,5/2/2012 8:19,5/2/2012 16:15
2,5/3/2012 8:03,5/3/2012 16:14
2,5/4/2012 8:08,5/4/2012 16:11
2,5/5/2012 8:01,5/5/2012 16:17
2,5/6/2012 8:13,5/6/2012 16:14
2,5/7/2012 8:09,5/7/2012 16:07
2,5/8/2012 8:16,5/8/2012 16:10
2,5/9/2012 8:02,5/9/2012 16:01
2,5/10/2012 8:08,5/10/2012 16:02
2,5/11/2012 8:03,5/11/2012 16:16
2,5/12/2012 8:05,5/12/2012 16:15
2,5/13/2012 8:18,5/13/2012 16:07
2,5/14/2012 8:00,5/14/2012 16:03
2,5/15/2012 8:13,5/15/2012 16:18
2,5/16/2012 8:16,5/16/2012 16:11
2,5/17/2012 8:08,5/17/2012 16:09
2,5/18/2012 8:18,5/18/2012 16:04
2,5/19/2012 8:11,5/19/2012 16:07
2,5/20/2012 8:09,5/20/2012 16:03
2,5/21/2012 8:18,5/21/2012 16:14
2,5/22/2012 8:14,5/22/2012 16:19
2,5/23/2012 8:02,5/23/2012 16:03
2,5/24/2012 8:14,5/24/2012 16:12
2,5/25/2012 8:05,5/25/2012 16:05
2,5/26/2012 8:00,5/26/2012 16:01
2,5/27/2012 8:15,5/27/2012 16:16
2,5/28/2012 8:17,5/28/2012 16:17
2,5/29/2012 8:03,5/29/2012 16:06
2,5/30/2012 8:11,5/30/2012 16:00
2,5/31/2012 8:09,5/31/2012 16:11
2,6/1/2012 8:05,6/1/2012 16:14
2,6/2/2012 8:05,6/2/2012 16:06
2,6/3/2012 8:19,6/3/2012 16:04
2,6/4/2012 8:10,6/4/2012 16:19
2,6/5/2012 8:06,6/5/2012 16:11
2,6/6/2012 8:07,6/6/2012 16:18
2,6/7/2012 8:09,6/7/2012 16:10
2,6/8/2012 8:10,6/8/2012 16:14
2,6/9/2012 8:08,6/9/2012 16:02
2,6/10/2012 8:00,6/10/2012 16:01
2,6/11/2012 8:05,6/11/2012 16:16
2,6/12/2012 8:12,6/12/2012 16:18
2,6/13/2012 8:09,6/13/2012 16:19
2,6/14/2012 8:00,6/14/2012 16:15
2,6/15/2012 8:13,6/15/2012 16:00
2,6/16/2012 8:08,6/16/2012 16:04
2,6/17/2012 8:08,6/17/2012 16:15
2,6/18/2012 8:12,6/18/2012 16:04
2,6/19/2012 8:00,6/19/2012 16:04
2,6/20/2012 8:16,6/20/2012 16:14
2,6/21/2012 8:06,6/21/2012 16:09
2,6/22/2012 8:19,6/22/2012 16:10
2,6/23/2012 8:13,6/23/2012 16:00
2,6/24/2012 8:08,6/24/2012 16:19
2,6/25/2012 8:11,6/25/2012 16:00
2,6/26/2012 8:12,6/26/2012 16:18
2,6/27/2012 8:03,6/27/2012 16:04
2,6/28/2012 8:11,6/28/2012 16:05
2,6/29/2012 8:03,6/29/2012 16:10
2,6/30/2012 8:06,6/30/2012 16:12
2,7/1/2012 8:10,7/1/2012 16:19
2,7/2/2012 8:10,7/2/2012 16:04
2,7/3/2012 8:17,7/3/2012 16:09
2,7/4/2012 8:13,7/4/2012 16:19
2,7/5/2012 8:15,7/5/2012 16:08
2,7/6/2012 8:02,7/6/2012 16:12
2,7/7/2012 8:18,7/7/2012 16:09
2,7/8/2012 8:12,7/8/2012 16:19
2,7/9/2012 8:02,7/9/2012 16:14
2,7/10/2012 8:16,7/10/2012 16:04
2,7/11/2012 8:13,7/11/2012 16:10
2,7/12/2012 8:15,7/12/2012 16:07
2,7/13/2012 8:09,7/13/2012 16:08
2,7/14/2012 8:14,7/14/2012 16:19
2,7/15/2012 8:19,7/15/2012 16:00
2,7/16/2012 8:16,7/16/2012 16:14
2,7/17/2012 8:07,7/17/2012 16:17
2,7/18/2012 8:08,7/18/2012 16:07
2,7/19/2012 8:10,7/19/2012 16:12
2,7/20/2012 8:01,7/20/2012 16:04
2,7/21/2012 8:12,7/21/2012 16:11
2,7/22/2012 8:07,7/22/2012 16:18
2,7/23/2012 8:08,7/23/2012 16:19
2,7/24/2012 8:16,7/24/2012 16:10
2,7/25/2012 8:12,7/25/2012 16:20
2,7/26/2012 8:05,7/26/2012 16:05
2,7/27/2012 8:03,7/27/2012 16:04
2,7/28/2012 8:07,7/28/2012 16:02
2,7/29/2012 8:19,7/29/2012 16:16
2,7/30/2012 8:03,7/30/2012 16:04
2,7/31/2012 8:02,7/31/2012 16:11
2,8/1/2012 8:02,8/1/2012 16:04
2,8/2/2012 8:15,8/2/2012 16:11
2,8/3/2012 8:02,8/3/2012 16:01
2,8/4/2012 8:19,8/4/2012 16:10
2,8/5/2012 8:18,8/5/2012 16:18
2,8/6/2012 8:02,8/6/2012 16:13
2,8/7/2012 8:11,8/7/2012 16:16
2,8/8/2012 8:15,8/8/2012 16:00
2,8/9/2012 8:14,8/9/2012 16:15
2,8/10/2012 8:19,8/10/2012 16:16
2,8/11/2012 8:06,8/11/2012 16:06
2,8/12/2012 8:06,8/12/2012 16:06
2,8/13/2012 8:03,8/13/2012 16:00
2,8/14/2012 8:05,8/14/2012 16:14
2,8/15/2012 8:00,8/15/2012 16:13
2,8/16/2012 8:07,8/16/2012 16:12
2,8/17/2012 8:17,8/17/2012 16:09
2,8/18/2012 8:07,8/18/2012 16:11
2,8/19/2012 8:10,8/19/2012 16:19
2,8/20/2012 8:10,8/20/2012 16:11
2,8/21/2012 8:17,8/21/2012 16:12
2,8/22/2012 8:11,8/22/2012 16:18
2,8/23/2012 8:18,8/23/2012 16:16
2,8/24/2012 8:13,8/24/2012 16:09
2,8/25/2012 8:07,8/25/2012 16:01
2,8/26/2012 8:04,8/26/2012 16:02
2,8/27/2012 8:01,8/27/2012 16:01
2,8/28/2012 8:03,8/28/2012 16:10
2,8/29/2012 8:10,8/29/2012 16:16
2,8/30/2012 8:13,8/30/2012 16:07
2,8/31/2012 8:12,8/31/2012 16:11
2,9/1/2012 8:16,9/1/2012 16:10
2,9/2/2012 8:08,9/2/2012 16:12
2,9/3/2012 8:02,9/3/2012 16:16
2,9/4/2012 8:18,9/4/2012 16:10
2,9/5/2012 8:01,9/5/2012 16:07
2,9/6/2012 8:15,9/6/2012 16:06
2,9/7/2012 8:06,9/7/2012 16:16
2,9/8/2012 8:01,9/8/2012 16:19
2,9/9/2012 8:06,9/9/2012 16:13
2,9/10/2012 8:13,9/10/2012 16:12
2,9/11/2012 8:08,9/11/2012 16:12
2,9/12/2012 8:14,9/12/2012 16:00
2,9/13/2012 8:14,9/13/2012 16:19
2,9/14/2012 8:05,9/14/2012 16:17
2,9/15/2012 8:11,9/15/2012 16:13
2,9/16/2012 8:07,9/16/2012 16:04
2,9/17/2012 8:12,9/17/2012 16:06
2,9/18/2012 8:03,9/18/2012 16:15
2,9/19/2012 8:08,9/19/2012 16:16
2,9/20/2012 8:16,9/20/2012 16:11
2,9/21/2012 8:09,9/21/2012 16:04
2,9/22/2012 8:13,9/22/2012 16:15
2,9/23/2012 8:17,9/23/2012 16:10
2,9/24/2012 8:03,9/24/2012 16:06
2,9/25/2012 8:02,9/25/2012 16:16
2,9/26/2012 8:03,9/26/2012 16:13
2,9/27/2012 8:12,9/27/2012 16:05
2,9/28/2012 8:13,9/28/2012 16:10
2,9/29/2012 8:13,9/29/2012 16:03
2,9/30/2012 8:12,9/30/2012 16:08
2,10/1/2012 8:03,10/1/2012 16:04
2,10/2/2012 8:12,10/2/2012 16:04
2,10/3/2012 8:04,10/3/2012 16:03
2,10/4/2012 8:17,10/4/2012 16:03
2,10/5/2012 8:16,10/5/2012 16:00
2,10/6/2012 8:12,10/6/2012 16:14
2,10/7/2012 8:14,10/7/2012 16:01
2,10/8/2012 8:04,10/8/2012 16:13
2,10/9/2012 8:07,10/9/2012 16:02
2,10/10/2012 8:15,10/10/2012 16:03
2,10/11/2012 8:04,10/11/2012 16:05
2,10/12/2012 8:08,10/12/2012 16:12
2,10/13/2012 8:10,10/13/2012 16:00
2,10/14/2012 8:15,10/14/2012 16:09
2,10/15/2012 8:18,10/15/2012 16:10
2,10/16/2012 8:19,10/16/2012 16:10
2,10/17/2012 8:01,10/17/2012 16:12
2,10/18/2012 8:17,10/18/2012 16:15
2,10/19/2012 8:04,10/19/2012 16:07
2,10/20/2012 8:08,10/20/2012 16:07
2,10/21/2012 8:18,10/21/2012 16:05
2,10/22/2012 8:14,10/22/2012 16:08
2,10/23/2012 8:02,10/23/2012 16:06
2,10/24/2012 8:03,10/24/2012 16:16
2,10/25/2012 8:02,10/25/2012 16:05
2,10/26/2012 8:06,10/26/2012 16:15
2,10/27/2012 8:16,10/27/2012 16:17
2,10/28/2012 8:04,10/28/2012 16:01
2,10/29/2012 8:06,10/29/2012 16:11
2,10/30/2012 8:13,10/30/2012 16:12
2,10/31/2012 8:19,10/31/2012 16:03
2,11/1/2012 8:13,11/1/2012 16:12
2,11/2/2012 8:17,11/2/2012 16:03
2,11/3/2012 8:17,11/3/2012 16:13
2,11/4/2012 8:08,11/4/2012 16:19
2,11/5/2012 8:13,11/5/2012 16:18
2,11/6/2012 8:10,11/6/2012 16:06
2,11/7/2012 8:03,11/7/2012 16:14
2,11/8/2012 8:16,11/8/2012 16:19
2,11/9/2012 8:10,11/9/2012 16:17
2,11/10/2012 8:00,11/10/2012 16:16
2,11/11/2012 8:18,11/11/2012 16:02
2,11/12/2012 8:15,11/12/2012 16:15
2,11/13/2012 8:09,11/13/2012 16:16
2,11/14/2012 8:07,11/14/2012 16:19
2,11/15/2012 8:14,11/15/2012 16:02
2,11/16/2012 8:19,11/16/2012 16:11
2,11/17/2012 8:04,11/17/2012 16:12
2,11/18/2012 8:01,11/18/2012 16:01
2,11/19/2012 8:03,11/19/2012 16:08
2,11/20/2012 8:05,11/20/2012 16:07
2,11/21/2012 8:15,11/21/2012 16:03
2,11/22/2012 8:17,11/22/2012 16:14
2,11/23/2012 8:05,11/23/2012 16:10
2,11/24/2012 8:02,11/24/2012 16:12
2,11/25/2012 8:13,11/25/2012 16:10
2,11/26/2012 8:04,11/26/2012 16:18
2,11/27/2012 8:19,11/27/2012 16:12
2,11/28/2012 8:16,11/28/2012 16:15
2,11/29/2012 8:04,11/29/2012 16:15
2,11/30/2012 8:01,11/30/2012 16:00
2,12/1/2012 8:18,12/1/2012 16:11
2,12/2/2012 8:09,12/2/2012 16:07
2,12/3/2012 8:19,12/3/2012 16:04
2,12/4/2012 8:13,12/4/2012 16:05
2,12/5/2012 8:03,12/5/2012 16:10
3,12/5/2011 8:10,12/5/2011 16:18
3,12/6/2011 8:15,12/6/2011 16:16
3,12/7/2011 8:17,12/7/2011 16:13
3,12/8/2011 8:09,12/8/2011 16:03
3,12/9/2011 8:10,12/9/2011 16:06
3,12/10/2011 8:06,12/10/2011 16:18
3,12/11/2011 8:06,12/11/2011 16:11
3,12/12/2011 8:06,12/12/2011 16:18
3,12/13/2011 8:14,12/13/2011 16:06
3,12/14/2011 8:04,12/14/2011 16:19
3,12/15/2011 8:00,12/15/2011 16:09
3,12/16/2011 8:08,12/16/2011 16:04
3,12/17/2011 8:19,12/17/2011 16:07
3,12/18/2011 8:00,12/18/2011 16:13
3,12/19/2011 8:03,12/19/2011 16:07
3,12/20/2011 8:03,12/20/2011 16:12
3,12/21/2011 8:07,12/21/2011 16:02
3,12/22/2011 8:06,12/22/2011 16:04
3,12/23/2011 8:11,12/23/2011 16:16
3,12/24/2011 8:12,12/24/2011 16:04
3,12/25/2011 8:12,12/25/2011 16:15
3,12/26/2011 8:17,12/26/2011 16:16
3,12/27/2011 8:07,12/27/2011 16:08
3,12/28/2011 8:19,12/28/2011 16:13
3,12/29/2011 8:00,12/29/2011 16:01
3,12/30/2011 8:16,12/30/2011 16:08
3,12/31/2011 8:12,12/31/2011 16:10
3,1/1/2012 8:13,1/1/2012 16:03
3,1/2/2012 8:05,1/2/2012 16:17
3,1/3/2012 8:01,1/3/2012 16:06
3,1/4/2012 8:00,1/4/2012 16:15
3,1/5/2012 8:18,1/5/2012 16:02
3,1/6/2012 8:06,1/6/2012 16:02
3,1/7/2012 8:02,1/7/2012 16:19
3,1/8/2012 8:18,1/8/2012 16:08
3,1/9/2012 8:11,1/9/2012 16:02
3,1/10/2012 8:05,1/10/2012 16:18
3,1/11/2012 8:02,1/11/2012 16:07
3,1/12/2012 8:17,1/12/2012 16:02
3,1/13/2012 8:07,1/13/2012 16:13
3,1/14/2012 8:19,1/14/2012 16:09
3,1/15/2012 8:16,1/15/2012 16:00
3,1/16/2012 8:00,1/16/2012 16:16
3,1/17/2012 8:03,1/17/2012 16:10
3,1/18/2012 8:18,1/18/2012 16:19
3,1/19/2012 8:15,1/19/2012 16:11
3,1/20/2012 8:05,1/20/2012 16:16
3,1/21/2012 8:13,1/21/2012 16:19
3,1/22/2012 8:12,1/22/2012 16:19
3,1/23/2012 8:18,1/23/2012 16:17
3,1/24/2012 8:12,1/24/2012 16:09
3,1/25/2012 8:09,1/25/2012 16:14
3,1/26/2012 8:15,1/26/2012 16:20
3,1/27/2012 8:04,1/27/2012 16:17
3,1/28/2012 8:18,1/28/2012 16:00
3,1/29/2012 8:04,1/29/2012 16:14
3,1/30/2012 8:09,1/30/2012 16:00
3,1/31/2012 8:01,1/31/2012 16:10
3,2/1/2012 8:03,2/1/2012 16:13
3,2/2/2012 8:08,2/2/2012 16:08
3,2/3/2012 8:11,2/3/2012 16:16
3,2/4/2012 8:09,2/4/2012 16:13
3,2/5/2012 8:12,2/5/2012 16:01
3,2/6/2012 8:05,2/6/2012 16:19
3,2/7/2012 8:15,2/7/2012 16:05
3,2/8/2012 8:11,2/8/2012 16:02
3,2/9/2012 8:01,2/9/2012 16:00
3,2/10/2012 8:15,2/10/2012 16:10
3,2/11/2012 8:03,2/11/2012 16:11
3,2/12/2012 8:08,2/12/2012 16:17
3,2/13/2012 8:16,2/13/2012 16:15
3,2/14/2012 8:03,2/14/2012 16:16
3,2/15/2012 8:02,2/15/2012 16:05
3,2/16/2012 8:04,2/16/2012 16:17
3,2/17/2012 8:10,2/17/2012 16:07
3,2/18/2012 8:00,2/18/2012 16:12
3,2/19/2012 8:18,2/19/2012 16:09
3,2/20/2012 8:05,2/20/2012 16:19
3,2/21/2012 8:04,2/21/2012 16:04
3,2/22/2012 8:10,2/22/2012 16:02
3,2/23/2012 8:13,2/23/2012 16:16
3,2/24/2012 8:11,2/24/2012 16:03
3,2/25/2012 8:15,2/25/2012 16:08
3,2/26/2012 8:14,2/26/2012 16:05
3,2/27/2012 8:00,2/27/2012 16:07
3,2/28/2012 8:18,2/28/2012 16:13
3,2/29/2012 8:19,2/29/2012 16:12
3,3/1/2012 8:04,3/1/2012 16:12
3,3/2/2012 8:09,3/2/2012 16:10
3,3/3/2012 8:09,3/3/2012 16:02
3,3/4/2012 8:13,3/4/2012 16:16
3,3/5/2012 8:11,3/5/2012 16:00
3,3/6/2012 8:12,3/6/2012 16:07
3,3/7/2012 8:15,3/7/2012 16:11
3,3/8/2012 8:03,3/8/2012 16:00
3,3/9/2012 8:01,3/9/2012 16:16
3,3/10/2012 8:07,3/10/2012 16:09
3,3/11/2012 8:18,3/11/2012 16:07
3,3/12/2012 8:08,3/12/2012 16:11
3,3/13/2012 8:06,3/13/2012 16:08
3,3/14/2012 8:07,3/14/2012 16:11
3,3/15/2012 8:19,3/15/2012 16:07
3,3/16/2012 8:19,3/16/2012 16:01
3,3/17/2012 8:07,3/17/2012 16:06
3,3/18/2012 8:17,3/18/2012 16:04
3,3/19/2012 8:06,3/19/2012 16:11
3,3/20/2012 8:18,3/20/2012 16:17
3,3/21/2012 8:08,3/21/2012 16:09
3,3/22/2012 8:12,3/22/2012 16:15
3,3/23/2012 8:01,3/23/2012 16:03
3,3/24/2012 8:01,3/24/2012 16:14
3,3/25/2012 8:19,3/25/2012 16:02
3,3/26/2012 8:02,3/26/2012 16:03
3,3/27/2012 8:11,3/27/2012 16:01
3,3/28/2012 8:11,3/28/2012 16:02
3,3/29/2012 8:03,3/29/2012 16:02
3,3/30/2012 8:11,3/30/2012 16:03
3,3/31/2012 8:12,3/31/2012 16:16
3,4/1/2012 8:06,4/1/2012 16:18
3,4/2/2012 8:11,4/2/2012 16:01
3,4/3/2012 8:13,4/3/2012 16:17
3,4/4/2012 8:05,4/4/2012 16:18
3,4/5/2012 8:00,4/5/2012 16:16
3,4/6/2012 8:19,4/6/2012 16:06
3,4/7/2012 8:13,4/7/2012 16:12
3,4/8/2012 8:01,4/8/2012 16:16
3,4/9/2012 8:13,4/9/2012 16:14
3,4/10/2012 8:07,4/10/2012 16:08
3,4/11/2012 8:00,4/11/2012 16:01
3,4/12/2012 8:18,4/12/2012 16:17
3,4/13/2012 8:10,4/13/2012 16:12
3,4/14/2012 8:13,4/14/2012 16:11
3,4/15/2012 8:05,4/15/2012 16:09
3,4/16/2012 8:11,4/16/2012 16:09
3,4/17/2012 8:06,4/17/2012 16:03
3,4/18/2012 8:00,4/18/2012 16:06
3,4/19/2012 8:05,4/19/2012 16:19
3,4/20/2012 8:18,4/20/2012 16:09
3,4/21/2012 8:04,4/21/2012 16:07
3,4/22/2012 8:00,4/22/2012 16:00
3,4/23/2012 8:13,4/23/2012 16:05
3,4/24/2012 8:14,4/24/2012 16:09
3,4/25/2012 8:03,4/25/2012 16:09
3,4/26/2012 8:11,4/26/2012 16:04
3,4/27/2012 8:08,4/27/2012 16:13
3,4/28/2012 8:07,4/28/2012 16:14
3,4/29/2012 8:07,4/29/2012 16:07
3,4/30/2012 8:13,4/30/2012 16:09
3,5/1/2012 8:18,5/1/2012 16:08
3,5/2/2012 8:13,5/2/2012 16:12
3,5/3/2012 8:12,5/3/2012 16:19
3,5/4/2012 8:19,5/4/2012 16:07
3,5/5/2012 8:14,5/5/2012 16:07
3,5/6/2012 8:02,5/6/2012 16:08
3,5/7/2012 8:18,5/7/2012 16:17
3,5/8/2012 8:15,5/8/2012 16:13
3,5/9/2012 8:11,5/9/2012 16:19
3,5/10/2012 8:07,5/10/2012 16:02
3,5/11/2012 8:11,5/11/2012 16:15
3,5/12/2012 8:02,5/12/2012 16:15
3,5/13/2012 8:17,5/13/2012 16:17
3,5/14/2012 8:15,5/14/2012 16:17
3,5/15/2012 8:17,5/15/2012 16:13
3,5/16/2012 8:04,5/16/2012 16:17
3,5/17/2012 8:02,5/17/2012 16:02
3,5/18/2012 8:03,5/18/2012 16:08
3,5/19/2012 8:12,5/19/2012 16:06
3,5/20/2012 8:14,5/20/2012 16:13
3,5/21/2012 8:14,5/21/2012 16:07
3,5/22/2012 8:03,5/22/2012 16:06
3,5/23/2012 8:19,5/23/2012 16:07
3,5/24/2012 8:01,5/24/2012 16:11
3,5/25/2012 8:01,5/25/2012 16:04
3,5/26/2012 8:08,5/26/2012 16:08
3,5/27/2012 8:05,5/27/2012 16:09
3,5/28/2012 8:06,5/28/2012 16:04
3,5/29/2012 8:00,5/29/2012 16:01
3,5/30/2012 8:19,5/30/2012 16:09
3,5/31/2012 8:06,5/31/2012 16:07
3,6/1/2012 8:08,6/1/2012 16:12
3,6/2/2012 8:16,6/2/2012 16:04
3,6/3/2012 8:14,6/3/2012 16:15
3,6/4/2012 8:15,6/4/2012 16:04
3,6/5/2012 8:02,6/5/2012 16:10
3,6/6/2012 8:09,6/6/2012 16:19
3,6/7/2012 8:06,6/7/2012 16:18
3,6/8/2012 8:19,6/8/2012 16:03
3,6/9/2012 8:04,6/9/2012 16:14
3,6/10/2012 8:04,6/10/2012 16:09
3,6/11/2012 8:04,6/11/2012 16:18
3,6/12/2012 8:11,6/12/2012 16:10
3,6/13/2012 8:10,6/13/2012 16:06
3,6/14/2012 8:14,6/14/2012 16:14
3,6/15/2012 8:09,6/15/2012 16:19
3,6/16/2012 8:18,6/16/2012 16:13
3,6/17/2012 8:12,6/17/2012 16:11
3,6/18/2012 8:07,6/18/2012 16:06
3,6/19/2012 8:18,6/19/2012 16:04
3,6/20/2012 8:17,6/20/2012 16:16
3,6/21/2012 8:01,6/21/2012 16:11
3,6/22/2012 8:04,6/22/2012 16:08
3,6/23/2012 8:11,6/23/2012 16:00
3,6/24/2012 8:08,6/24/2012 16:08
3,6/25/2012 8:01,6/25/2012 16:17
3,6/26/2012 8:13,6/26/2012 16:08
3,6/27/2012 8:16,6/27/2012 16:04
3,6/28/2012 8:14,6/28/2012 16:01
3,6/29/2012 8:10,6/29/2012 16:06
3,6/30/2012 8:15,6/30/2012 16:03
3,7/1/2012 8:07,7/1/2012 16:17
3,7/2/2012 8:07,7/2/2012 16:00
3,7/3/2012 8:09,7/3/2012 16:16
3,7/4/2012 8:08,7/4/2012 16:15
3,7/5/2012 8:04,7/5/2012 16:14
3,7/6/2012 8:16,7/6/2012 16:08
3,7/7/2012 8:09,7/7/2012 16:09
3,7/8/2012 8:15,7/8/2012 16:18
3,7/9/2012 8:02,7/9/2012 16:11
3,7/10/2012 8:15,7/10/2012 16:12
3,7/11/2012 8:19,7/11/2012 16:10
3,7/12/2012 8:02,7/12/2012 16:10
3,7/13/2012 8:11,7/13/2012 16:04
3,7/14/2012 8:04,7/14/2012 16:09
3,7/15/2012 8:00,7/15/2012 16:09
3,7/16/2012 8:05,7/16/2012 16:14
3,7/17/2012 8:00,7/17/2012 16:10
3,7/18/2012 8:17,7/18/2012 16:05
3,7/19/2012 8:03,7/19/2012 16:11
3,7/20/2012 8:19,7/20/2012 16:09
3,7/21/2012 8:02,7/21/2012 16:10
3,7/22/2012 8:17,7/22/2012 16:18
3,7/23/2012 8:13,7/23/2012 16:11
3,7/24/2012 8:19,7/24/2012 16:08
3,7/25/2012 8:01,7/25/2012 16:17
3,7/26/2012 8:18,7/26/2012 16:03
3,7/27/2012 8:18,7/27/2012 16:07
3,7/28/2012 8:01,7/28/2012 16:12
3,7/29/2012 8:05,7/29/2012 16:14
3,7/30/2012 8:17,7/30/2012 16:05
3,7/31/2012 8:00,7/31/2012 16:06
3,8/1/2012 8:06,8/1/2012 16:05
3,8/2/2012 8:10,8/2/2012 16:17
3,8/3/2012 8:07,8/3/2012 16:02
3,8/4/2012 8:12,8/4/2012 16:19
3,8/5/2012 8:10,8/5/2012 16:02
3,8/6/2012 8:09,8/6/2012 16:04
3,8/7/2012 8:00,8/7/2012 16:11
3,8/8/2012 8:17,8/8/2012 16:16
3,8/9/2012 8:11,8/9/2012 16:07
3,8/10/2012 8:06,8/10/2012 16:08
3,8/11/2012 8:15,8/11/2012 16:15
3,8/12/2012 8:07,8/12/2012 16:17
3,8/13/2012 8:06,8/13/2012 16:01
3,8/14/2012 8:00,8/14/2012 16:11
3,8/15/2012 8:11,8/15/2012 16:01
3,8/16/2012 8:08,8/16/2012 16:17
3,8/17/2012 8:18,8/17/2012 16:08
3,8/18/2012 8:03,8/18/2012 16:17
3,8/19/2012 8:04,8/19/2012 16:07
3,8/20/2012 8:17,8/20/2012 16:12
3,8/21/2012 8:15,8/21/2012 16:03
3,8/22/2012 8:09,8/22/2012 16:00
3,8/23/2012 8:01,8/23/2012 16:09
3,8/24/2012 8:00,8/24/2012 16:19
3,8/25/2012 8:01,8/25/2012 16:11
3,8/26/2012 8:16,8/26/2012 16:04
3,8/27/2012 8:15,8/27/2012 16:17
3,8/28/2012 8:12,8/28/2012 16:15
3,8/29/2012 8:14,8/29/2012 16:03
3,8/30/2012 8:02,8/30/2012 16:05
3,8/31/2012 8:03,8/31/2012 16:02
3,9/1/2012 8:09,9/1/2012 16:10
3,9/2/2012 8:09,9/2/2012 16:06
3,9/3/2012 8:08,9/3/2012 16:07
3,9/4/2012 8:18,9/4/2012 16:19
3,9/5/2012 8:06,9/5/2012 16:04
3,9/6/2012 8:03,9/6/2012 16:14
3,9/7/2012 8:12,9/7/2012 16:01
3,9/8/2012 8:10,9/8/2012 16:19
3,9/9/2012 8:16,9/9/2012 16:13
3,9/10/2012 8:15,9/10/2012 16:03
3,9/11/2012 8:15,9/11/2012 16:06
3,9/12/2012 8:17,9/12/2012 16:09
3,9/13/2012 8:06,9/13/2012 16:16
3,9/14/2012 8:07,9/14/2012 16:19
3,9/15/2012 8:10,9/15/2012 16:00
3,9/16/2012 8:05,9/16/2012 16:06
3,9/17/2012 8:10,9/17/2012 16:07
3,9/18/2012 8:06,9/18/2012 16:16
3,9/19/2012 8:10,9/19/2012 16:18
3,9/20/2012 8:09,9/20/2012 16:19
3,9/21/2012 8:12,9/21/2012 16:01
3,9/22/2012 8:08,9/22/2012 16:11
3,9/23/2012 8:05,9/23/2012 16:06
3,9/24/2012 8:16,9/24/2012 16:14
3,9/25/2012 8:07,9/25/2012 16:18
3,9/26/2012 8:19,9/26/2012 16:16
3,9/27/2012 8:01,9/27/2012 16:10
3,9/28/2012 8:14,9/28/2012 16:00
3,9/29/2012 8:19,9/29/2012 16:18
3,9/30/2012 8:17,9/30/2012 16:17
3,10/1/2012 8:01,10/1/2012 16:13
3,10/2/2012 8:06,10/2/2012 16:07
3,10/3/2012 8:01,10/3/2012 16:15
3,10/4/2012 8:09,10/4/2012 16:05
3,10/5/2012 8:00,10/5/2012 16:16
3,10/6/2012 8:03,10/6/2012 16:13
3,10/7/2012 8:13,10/7/2012 16:02
3,10/8/2012 8:11,10/8/2012 16:18
3,10/9/2012 8:17,10/9/2012 16:01
3,10/10/2012 8:05,10/10/2012 16:10
3,10/11/2012 8:01,10/11/2012 16:01
3,10/12/2012 8:15,10/12/2012 16:02
3,10/13/2012 8:13,10/13/2012 16:00
3,10/14/2012 8:14,10/14/2012 16:10
3,10/15/2012 8:11,10/15/2012 16:18
3,10/16/2012 8:09,10/16/2012 16:01
3,10/17/2012 8:18,10/17/2012 16:08
3,10/18/2012 8:11,10/18/2012 16:03
3,10/19/2012 8:01,10/19/2012 16:19
3,10/20/2012 8:08,10/20/2012 16:07
3,10/21/2012 8:10,10/21/2012 16:19
3,10/22/2012 8:01,10/22/2012 16:02
3,10/23/2012 8:13,10/23/2012 16:13
3,10/24/2012 8:04,10/24/2012 16:17
3,10/25/2012 8:17,10/25/2012 16:15
3,10/26/2012 8:17,10/26/2012 16:11
3,10/27/2012 8:09,10/27/2012 16:16
3,10/28/2012 8:18,10/28/2012 16:05
3,10/29/2012 8:15,10/29/2012 16:02
3,10/30/2012 8:11,10/30/2012 16:04
3,10/31/2012 8:04,10/31/2012 16:05
3,11/1/2012 8:13,11/1/2012 16:11
3,11/2/2012 8:00,11/2/2012 16:17
3,11/3/2012 8:16,11/3/2012 16:15
3,11/4/2012 8:19,11/4/2012 16:09
3,11/5/2012 8:04,11/5/2012 16:04
3,11/6/2012 8:01,11/6/2012 16:08
3,11/7/2012 8:09,11/7/2012 16:18
3,11/8/2012 8:01,11/8/2012 16:11
3,11/9/2012 8:04,11/9/2012 16:14
3,11/10/2012 8:19,11/10/2012 16:10
3,11/11/2012 8:00,11/11/2012 16:13
3,11/12/2012 8:13,11/12/2012 16:07
3,11/13/2012 8:05,11/13/2012 16:13
3,11/14/2012 8:13,11/14/2012 16:15
3,11/15/2012 8:19,11/15/2012 16:18
3,11/16/2012 8:06,11/16/2012 16:15
3,11/17/2012 8:15,11/17/2012 16:13
3,11/18/2012 8:02,11/18/2012 16:19
3,11/19/2012 8:00,11/19/2012 16:19
3,11/20/2012 8:09,11/20/2012 16:01
3,11/21/2012 8:06,11/21/2012 16:18
3,11/22/2012 8:03,11/22/2012 16:06
3,11/23/2012 8:03,11/23/2012 16:04
3,11/24/2012 8:06,11/24/2012 16:04
3,11/25/2012 8:03,11/25/2012 16:14
3,11/26/2012 8:16,11/26/2012 16:18
3,11/27/2012 8:19,11/27/2012 16:05
3,11/28/2012 8:02,11/28/2012 16:16
3,11/29/2012 8:04,11/29/2012 16:18
3,11/30/2012 8:15,11/30/2012 16:13
3,12/1/2012 8:01,12/1/2012 16:03
3,12/2/2012 8:05,12/2/2012 16:19
3,12/3/2012 8:11,12/3/2012 16:01
3,12/4/2012 8:02,12/4/2012 16:19
3,12/5/2012 8:03,12/5/2012 16:19
4,12/5/2011 8:04,12/5/2011 16:04
4,12/6/2011 8:01,12/6/2011 16:03
4,12/7/2011 8:17,12/7/2011 16:11
4,12/8/2011 8:14,12/8/2011 16:09
4,12/9/2011 8:10,12/9/2011 16:08
4,12/10/2011 8:08,12/10/2011 16:17
4,12/11/2011 8:08,12/11/2011 16:13
4,12/12/2011 8:06,12/12/2011 16:15
4,12/13/2011 8:14,12/13/2011 16:17
4,12/14/2011 8:15,12/14/2011 16:13
4,12/15/2011 8:04,12/15/2011 16:02
4,12/16/2011 8:04,12/16/2011 16:10
4,12/17/2011 8:13,12/17/2011 16:16
4,12/18/2011 8:08,12/18/2011 16:04
4,12/19/2011 8:09,12/19/2011 16:19
4,12/20/2011 8:19,12/20/2011 16:04
4,12/21/2011 8:07,12/21/2011 16:07
4,12/22/2011 8:12,12/22/2011 16:19
4,12/23/2011 8:13,12/23/2011 16:02
4,12/24/2011 8:16,12/24/2011 16:04
4,12/25/2011 8:19,12/25/2011 16:11
4,12/26/2011 8:01,12/26/2011 16:05
4,12/27/2011 8:07,12/27/2011 16:16
4,12/28/2011 8:01,12/28/2011 16:15
4,12/29/2011 8:08,12/29/2011 16:07
4,12/30/2011 8:11,12/30/2011 16:02
4,12/31/2011 8:01,12/31/2011 16:19
4,1/1/2012 8:17,1/1/2012 16:04
4,1/2/2012 8:07,1/2/2012 16:10
4,1/3/2012 8:06,1/3/2012 16:07
4,1/4/2012 8:12,1/4/2012 16:00
4,1/5/2012 8:14,1/5/2012 16:18
4,1/6/2012 8:00,1/6/2012 16:08
4,1/7/2012 8:09,1/7/2012 16:10
4,1/8/2012 8:19,1/8/2012 16:17
4,1/9/2012 8:09,1/9/2012 16:07
4,1/10/2012 8:05,1/10/2012 16:07
4,1/11/2012 8:13,1/11/2012 16:11
4,1/12/2012 8:15,1/12/2012 16:19
4,1/13/2012 8:01,1/13/2012 16:13
4,1/14/2012 8:00,1/14/2012 16:16
4,1/15/2012 8:18,1/15/2012 16:05
4,1/16/2012 8:13,1/16/2012 16:17
4,1/17/2012 8:17,1/17/2012 16:13
4,1/18/2012 8:13,1/18/2012 16:04
4,1/19/2012 8:05,1/19/2012 16:17
4,1/20/2012 8:12,1/20/2012 16:14
4,1/21/2012 8:17,1/21/2012 16:12
4,1/22/2012 8:04,1/22/2012 16:18
4,1/23/2012 8:18,1/23/2012 16:16
4,1/24/2012 8:01,1/24/2012 16:10
4,1/25/2012 8:12,1/25/2012 16:18
4,1/26/2012 8:15,1/26/2012 16:18
4,1/27/2012 8:04,1/27/2012 16:01
4,1/28/2012 8:02,1/28/2012 16:08
4,1/29/2012 8:04,1/29/2012 16:04
4,1/30/2012 8:13,1/30/2012 16:10
4,1/31/2012 8:06,1/31/2012 16:11
4,2/1/2012 8:13,2/1/2012 16:14
4,2/2/2012 8:07,2/2/2012 16:09
4,2/3/2012 8:17,2/3/2012 16:10
4,2/4/2012 8:06,2/4/2012 16:15
4,2/5/2012 8:11,2/5/2012 16:07
4,2/6/2012 8:00,2/6/2012 16:02
4,2/7/2012 8:05,2/7/2012 16:00
4,2/8/2012 8:04,2/8/2012 16:18
4,2/9/2012 8:15,2/9/2012 16:05
4,2/10/2012 8:05,2/10/2012 16:19
4,2/11/2012 8:05,2/11/2012 16:00
4,2/12/2012 8:04,2/12/2012 16:16
4,2/13/2012 8:04,2/13/2012 16:00
4,2/14/2012 8:14,2/14/2012 16:08
4,2/15/2012 8:14,2/15/2012 16:05
4,2/16/2012 8:00,2/16/2012 16:18
4,2/17/2012 8:06,2/17/2012 16:04
4,2/18/2012 8:02,2/18/2012 16:12
4,2/19/2012 8:08,2/19/2012 16:04
4,2/20/2012 8:18,2/20/2012 16:13
4,2/21/2012 8:01,2/21/2012 16:01
4,2/22/2012 8:05,2/22/2012 16:15
4,2/23/2012 8:03,2/23/2012 16:07
4,2/24/2012 8:16,2/24/2012 16:19
4,2/25/2012 8:13,2/25/2012 16:14
4,2/26/2012 8:15,2/26/2012 16:05
4,2/27/2012 8:17,2/27/2012 16:12
4,2/28/2012 8:16,2/28/2012 16:08
4,2/29/2012 8:06,2/29/2012 16:16
4,3/1/2012 8:01,3/1/2012 16:06
4,3/2/2012 8:17,3/2/2012 16:00
4,3/3/2012 8:11,3/3/2012 16:10
4,3/4/2012 8:16,3/4/2012 16:15
4,3/5/2012 8:06,3/5/2012 16:01
4,3/6/2012 8:18,3/6/2012 16:10
4,3/7/2012 8:04,3/7/2012 16:13
4,3/8/2012 8:11,3/8/2012 16:04
4,3/9/2012 8:02,3/9/2012 16:03
4,3/10/2012 8:07,3/10/2012 16:17
4,3/11/2012 8:02,3/11/2012 16:02
4,3/12/2012 8:12,3/12/2012 16:10
4,3/13/2012 8:12,3/13/2012 16:01
4,3/14/2012 8:02,3/14/2012 16:15
4,3/15/2012 8:12,3/15/2012 16:16
4,3/16/2012 8:12,3/16/2012 16:19
4,3/17/2012 8:12,3/17/2012 16:11
4,3/18/2012 8:15,3/18/2012 16:13
4,3/19/2012 8:16,3/19/2012 16:00
4,3/20/2012 8:08,3/20/2012 16:00
4,3/21/2012 8:08,3/21/2012 16:02
4,3/22/2012 8:17,3/22/2012 16:12
4,3/23/2012 8:13,3/23/2012 16:18
4,3/24/2012 8:03,3/24/2012 16:07
4,3/25/2012 8:17,3/25/2012 16:06
4,3/26/2012 8:15,3/26/2012 16:06
4,3/27/2012 8:01,3/27/2012 16:06
4,3/28/2012 8:06,3/28/2012 16:18
4,3/29/2012 8:03,3/29/2012 16:10
4,3/30/2012 8:14,3/30/2012 16:10
4,3/31/2012 8:16,3/31/2012 16:00
4,4/1/2012 8:15,4/1/2012 16:05
4,4/2/2012 8:01,4/2/2012 16:17
4,4/3/2012 8:02,4/3/2012 16:01
4,4/4/2012 8:04,4/4/2012 16:18
4,4/5/2012 8:03,4/5/2012 16:16
4,4/6/2012 8:17,4/6/2012 16:03
4,4/7/2012 8:19,4/7/2012 16:14
4,4/8/2012 8:00,4/8/2012 16:15
4,4/9/2012 8:04,4/9/2012 16:16
4,4/10/2012 8:03,4/10/2012 16:10
4,4/11/2012 8:07,4/11/2012 16:00
4,4/12/2012 8:09,4/12/2012 16:09
4,4/13/2012 8:18,4/13/2012 16:13
4,4/14/2012 8:19,4/14/2012 16:01
4,4/15/2012 8:04,4/15/2012 16:19
4,4/16/2012 8:09,4/16/2012 16:08
4,4/17/2012 8:02,4/17/2012 16:08
4,4/18/2012 8:19,4/18/2012 16:08
4,4/19/2012 8:09,4/19/2012 16:15
4,4/20/2012 8:07,4/20/2012 16:12
4,4/21/2012 8:17,4/21/2012 16:19
4,4/22/2012 8:00,4/22/2012 16:17
4,4/23/2012 8:11,4/23/2012 16:04
4,4/24/2012 8:06,4/24/2012 16:08
4,4/25/2012 8:18,4/25/2012 16:02
4,4/26/2012 8:15,4/26/2012 16:00
4,4/27/2012 8:05,4/27/2012 16:18
4,4/28/2012 8:06,4/28/2012 16:02
4,4/29/2012 8:08,4/29/2012 16:17
4,4/30/2012 8:08,4/30/2012 16:14
4,5/1/2012 8:03,5/1/2012 16:01
4,5/2/2012 8:09,5/2/2012 16:07
4,5/3/2012 8:13,5/3/2012 16:19
4,5/4/2012 8:14,5/4/2012 16:07
4,5/5/2012 8:19,5/5/2012 16:17
4,5/6/2012 8:13,5/6/2012 16:10
4,5/7/2012 8:04,5/7/2012 16:19
4,5/8/2012 8:13,5/8/2012 16:07
4,5/9/2012 8:17,5/9/2012 16:10
4,5/10/2012 8:02,5/10/2012 16:08
4,5/11/2012 8:10,5/11/2012 16:00
4,5/12/2012 8:13,5/12/2012 16:17
4,5/13/2012 8:08,5/13/2012 16:13
4,5/14/2012 8:04,5/14/2012 16:09
4,5/15/2012 8:07,5/15/2012 16:11
4,5/16/2012 8:13,5/16/2012 16:04
4,5/17/2012 8:15,5/17/2012 16:12
4,5/18/2012 8:02,5/18/2012 16:18
4,5/19/2012 8:08,5/19/2012 16:18
4,5/20/2012 8:08,5/20/2012 16:03
4,5/21/2012 8:01,5/21/2012 16:11
4,5/22/2012 8:12,5/22/2012 16:16
4,5/23/2012 8:11,5/23/2012 16:02
4,5/24/2012 8:03,5/24/2012 16:18
4,5/25/2012 8:01,5/25/2012 16:05
4,5/26/2012 8:17,5/26/2012 16:02
4,5/27/2012 8:19,5/27/2012 16:00
4,5/28/2012 8:18,5/28/2012 16:09
4,5/29/2012 8:10,5/29/2012 16:04
4,5/30/2012 8:11,5/30/2012 16:01
4,5/31/2012 8:10,5/31/2012 16:00
4,6/1/2012 8:01,6/1/2012 16:07
4,6/2/2012 8:01,6/2/2012 16:11
4,6/3/2012 8:03,6/3/2012 16:00
4,6/4/2012 8:09,6/4/2012 16:05
4,6/5/2012 8:18,6/5/2012 16:14
4,6/6/2012 8:11,6/6/2012 16:11
4,6/7/2012 8:01,6/7/2012 16:03
4,6/8/2012 8:06,6/8/2012 16:08
4,6/9/2012 8:06,6/9/2012 16:05
4,6/10/2012 8:14,6/10/2012 16:16
4,6/11/2012 8:06,6/11/2012 16:02
4,6/12/2012 8:18,6/12/2012 16:17
4,6/13/2012 8:12,6/13/2012 16:03
4,6/14/2012 8:16,6/14/2012 16:07
4,6/15/2012 8:12,6/15/2012 16:00
4,6/16/2012 8:17,6/16/2012 16:02
4,6/17/2012 8:01,6/17/2012 16:17
4,6/18/2012 8:04,6/18/2012 16:10
4,6/19/2012 8:08,6/19/2012 16:07
4,6/20/2012 8:16,6/20/2012 16:18
4,6/21/2012 8:00,6/21/2012 16:14
4,6/22/2012 8:06,6/22/2012 16:11
4,6/23/2012 8:11,6/23/2012 16:07
4,6/24/2012 8:19,6/24/2012 16:05
4,6/25/2012 8:00,6/25/2012 16:00
4,6/26/2012 8:06,6/26/2012 16:17
4,6/27/2012 8:17,6/27/2012 16:03
4,6/28/2012 8:10,6/28/2012 16:09
4,6/29/2012 8:10,6/29/2012 16:11
4,6/30/2012 8:18,6/30/2012 16:16
4,7/1/2012 8:14,7/1/2012 16:19
4,7/2/2012 8:16,7/2/2012 16:09
4,7/3/2012 8:14,7/3/2012 16:17
4,7/4/2012 8:11,7/4/2012 16:02
4,7/5/2012 8:16,7/5/2012 16:04
4,7/6/2012 8:01,7/6/2012 16:04
4,7/7/2012 8:14,7/7/2012 16:14
4,7/8/2012 8:15,7/8/2012 16:07
4,7/9/2012 8:15,7/9/2012 16:02
4,7/10/2012 8:01,7/10/2012 16:07
4,7/11/2012 8:09,7/11/2012 16:07
4,7/12/2012 8:00,7/12/2012 16:07
4,7/13/2012 8:05,7/13/2012 16:01
4,7/14/2012 8:16,7/14/2012 16:06
4,7/15/2012 8:08,7/15/2012 16:19
4,7/16/2012 8:10,7/16/2012 16:12
4,7/17/2012 8:17,7/17/2012 16:05
4,7/18/2012 8:08,7/18/2012 16:03
4,7/19/2012 8:07,7/19/2012 16:13
4,7/20/2012 8:05,7/20/2012 16:07
4,7/21/2012 8:18,7/21/2012 16:14
4,7/22/2012 8:15,7/22/2012 16:00
4,7/23/2012 8:03,7/23/2012 16:05
4,7/24/2012 8:10,7/24/2012 16:10
4,7/25/2012 8:18,7/25/2012 16:11
4,7/26/2012 8:15,7/26/2012 16:07
4,7/27/2012 8:02,7/27/2012 16:06
4,7/28/2012 8:01,7/28/2012 16:14
4,7/29/2012 8:01,7/29/2012 16:06
4,7/30/2012 8:19,7/30/2012 16:13
4,7/31/2012 8:12,7/31/2012 16:14
4,8/1/2012 8:17,8/1/2012 16:03
4,8/2/2012 8:14,8/2/2012 16:01
4,8/3/2012 8:15,8/3/2012 16:06
4,8/4/2012 8:12,8/4/2012 16:14
4,8/5/2012 8:09,8/5/2012 16:16
4,8/6/2012 8:10,8/6/2012 16:17
4,8/7/2012 8:13,8/7/2012 16:10
4,8/8/2012 8:03,8/8/2012 16:15
4,8/9/2012 8:09,8/9/2012 16:09
4,8/10/2012 8:09,8/10/2012 16:08
4,8/11/2012 8:00,8/11/2012 16:04
4,8/12/2012 8:19,8/12/2012 16:06
4,8/13/2012 8:14,8/13/2012 16:19
4,8/14/2012 8:08,8/14/2012 16:16
4,8/15/2012 8:07,8/15/2012 16:02
4,8/16/2012 8:00,8/16/2012 16:02
4,8/17/2012 8:07,8/17/2012 16:19
4,8/18/2012 8:19,8/18/2012 16:15
4,8/19/2012 8:07,8/19/2012 16:10
4,8/20/2012 8:15,8/20/2012 16:03
4,8/21/2012 8:06,8/21/2012 16:18
4,8/22/2012 8:05,8/22/2012 16:01
4,8/23/2012 8:01,8/23/2012 16:13
4,8/24/2012 8:06,8/24/2012 16:01
4,8/25/2012 8:09,8/25/2012 16:13
4,8/26/2012 8:03,8/26/2012 16:15
4,8/27/2012 8:15,8/27/2012 16:03
4,8/28/2012 8:07,8/28/2012 16:13
4,8/29/2012 8:02,8/29/2012 16:04
4,8/30/2012 8:09,8/30/2012 16:03
4,8/31/2012 8:05,8/31/2012 16:17
4,9/1/2012 8:01,9/1/2012 16:17
4,9/2/2012 8:02,9/2/2012 16:17
4,9/3/2012 8:09,9/3/2012 16:11
4,9/4/2012 8:14,9/4/2012 16:00
4,9/5/2012 8:10,9/5/2012 16:15
4,9/6/2012 8:18,9/6/2012 16:08
4,9/7/2012 8:01,9/7/2012 16:17
4,9/8/2012 8:15,9/8/2012 16:06
4,9/9/2012 8:15,9/9/2012 16:19
4,9/10/2012 8:01,9/10/2012 16:09
4,9/11/2012 8:01,9/11/2012 16:13
4,9/12/2012 8:04,9/12/2012 16:14
4,9/13/2012 8:15,9/13/2012 16:13
4,9/14/2012 8:11,9/14/2012 16:08
4,9/15/2012 8:17,9/15/2012 16:05
4,9/16/2012 8:02,9/16/2012 16:04
4,9/17/2012 8:01,9/17/2012 16:05
4,9/18/2012 8:13,9/18/2012 16:06
4,9/19/2012 8:15,9/19/2012 16:15
4,9/20/2012 8:11,9/20/2012 16:19
4,9/21/2012 8:03,9/21/2012 16:19
4,9/22/2012 8:00,9/22/2012 16:01
4,9/23/2012 8:12,9/23/2012 16:11
4,9/24/2012 8:17,9/24/2012 16:16
4,9/25/2012 8:16,9/25/2012 16:10
4,9/26/2012 8:09,9/26/2012 16:12
4,9/27/2012 8:07,9/27/2012 16:16
4,9/28/2012 8:02,9/28/2012 16:02
4,9/29/2012 8:01,9/29/2012 16:03
4,9/30/2012 8:03,9/30/2012 16:17
4,10/1/2012 8:08,10/1/2012 16:06
4,10/2/2012 8:01,10/2/2012 16:00
4,10/3/2012 8:01,10/3/2012 16:11
4,10/4/2012 8:14,10/4/2012 16:19
4,10/5/2012 8:14,10/5/2012 16:11
4,10/6/2012 8:02,10/6/2012 16:08
4,10/7/2012 8:10,10/7/2012 16:04
4,10/8/2012 8:04,10/8/2012 16:19
4,10/9/2012 8:04,10/9/2012 16:12
4,10/10/2012 8:14,10/10/2012 16:00
4,10/11/2012 8:14,10/11/2012 16:07
4,10/12/2012 8:07,10/12/2012 16:04
4,10/13/2012 8:09,10/13/2012 16:10
4,10/14/2012 8:18,10/14/2012 16:11
4,10/15/2012 8:08,10/15/2012 16:16
4,10/16/2012 8:16,10/16/2012 16:02
4,10/17/2012 8:05,10/17/2012 16:01
4,10/18/2012 8:16,10/18/2012 16:13
4,10/19/2012 8:01,10/19/2012 16:01
4,10/20/2012 8:03,10/20/2012 16:17
4,10/21/2012 8:10,10/21/2012 16:15
4,10/22/2012 8:10,10/22/2012 16:18
4,10/23/2012 8:14,10/23/2012 16:01
4,10/24/2012 8:01,10/24/2012 16:05
4,10/25/2012 8:02,10/25/2012 16:15
4,10/26/2012 8:11,10/26/2012 16:15
4,10/27/2012 8:14,10/27/2012 16:00
4,10/28/2012 8:05,10/28/2012 16:01
4,10/29/2012 8:17,10/29/2012 16:14
4,10/30/2012 8:00,10/30/2012 16:13
4,10/31/2012 8:12,10/31/2012 16:08
4,11/1/2012 8:16,11/1/2012 16:06
4,11/2/2012 8:07,11/2/2012 16:10
4,11/3/2012 8:04,11/3/2012 16:04
4,11/4/2012 8:09,11/4/2012 16:11
4,11/5/2012 8:00,11/5/2012 16:03
4,11/6/2012 8:14,11/6/2012 16:00
4,11/7/2012 8:00,11/7/2012 16:09
4,11/8/2012 8:09,11/8/2012 16:17
4,11/9/2012 8:07,11/9/2012 16:08
4,11/10/2012 8:16,11/10/2012 16:15
4,11/11/2012 8:07,11/11/2012 16:11
4,11/12/2012 8:17,11/12/2012 16:15
4,11/13/2012 8:07,11/13/2012 16:14
4,11/14/2012 8:06,11/14/2012 16:18
4,11/15/2012 8:07,11/15/2012 16:03
4,11/16/2012 8:16,11/16/2012 16:11
4,11/17/2012 8:01,11/17/2012 16:05
4,11/18/2012 8:11,11/18/2012 16:09
4,11/19/2012 8:01,11/19/2012 16:03
4,11/20/2012 8:04,11/20/2012 16:09
4,11/21/2012 8:14,11/21/2012 16:11
4,11/22/2012 8:08,11/22/2012 16:16
4,11/23/2012 8:17,11/23/2012 16:18
4,11/24/2012 8:10,11/24/2012 16:06
4,11/25/2012 8:01,11/25/2012 16:04
4,11/26/2012 8:14,11/26/2012 16:02
4,11/27/2012 8:12,11/27/2012 16:10
4,11/28/2012 8:02,11/28/2012 16:06
4,11/29/2012 8:16,11/29/2012 16:06
4,11/30/2012 8:11,11/30/2012 16:02
4,12/1/2012 8:07,12/1/2012 16:18
4,12/2/2012 8:17,12/2/2012 16:15
4,12/3/2012 8:06,12/3/2012 16:08
4,12/4/2012 8:15,12/4/2012 16:08
4,12/5/2012 8:06,12/5/2012 16:00
5,12/5/2011 8:03,12/5/2011 16:10
5,12/6/2011 8:15,12/6/2011 16:13
5,12/7/2011 8:07,12/7/2011 16:15
5,12/8/2011 8:17,12/8/2011 16:02
5,12/9/2011 8:09,12/9/2011 16:15
5,12/10/2011 8:02,12/10/2011 16:03
5,12/11/2011 8:16,12/11/2011 16:18
5,12/12/2011 8:18,12/12/2011 16:12
5,12/13/2011 8:06,12/13/2011 16:02
5,12/14/2011 8:02,12/14/2011 16:05
5,12/15/2011 8:16,12/15/2011 16:06
5,12/16/2011 8:03,12/16/2011 16:15
5,12/17/2011 8:05,12/17/2011 16:13
5,12/18/2011 8:10,12/18/2011 16:09
5,12/19/2011 8:06,12/19/2011 16:00
5,12/20/2011 8:16,12/20/2011 16:10
5,12/21/2011 8:06,12/21/2011 16:16
5,12/22/2011 8:04,12/22/2011 16:18
5,12/23/2011 8:11,12/23/2011 16:14
5,12/24/2011 8:16,12/24/2011 16:02
5,12/25/2011 8:06,12/25/2011 16:00
5,12/26/2011 8:04,12/26/2011 16:10
5,12/27/2011 8:16,12/27/2011 16:18
5,12/28/2011 8:09,12/28/2011 16:03
5,12/29/2011 8:14,12/29/2011 16:06
5,12/30/2011 8:12,12/30/2011 16:10
5,12/31/2011 8:11,12/31/2011 16:15
5,1/1/2012 8:03,1/1/2012 16:05
5,1/2/2012 8:06,1/2/2012 16:02
5,1/3/2012 8:11,1/3/2012 16:03
5,1/4/2012 8:10,1/4/2012 16:08
5,1/5/2012 8:19,1/5/2012 16:06
5,1/6/2012 8:11,1/6/2012 16:01
5,1/7/2012 8:03,1/7/2012 16:09
5,1/8/2012 8:03,1/8/2012 16:02
5,1/9/2012 8:01,1/9/2012 16:00
5,1/10/2012 8:15,1/10/2012 16:14
5,1/11/2012 8:03,1/11/2012 16:19
5,1/12/2012 8:05,1/12/2012 16:11
5,1/13/2012 8:11,1/13/2012 16:00
5,1/14/2012 8:04,1/14/2012 16:13
5,1/15/2012 8:15,1/15/2012 16:09
5,1/16/2012 8:00,1/16/2012 16:04
5,1/17/2012 8:08,1/17/2012 16:01
5,1/18/2012 8:14,1/18/2012 16:03
5,1/19/2012 8:17,1/19/2012 16:13
5,1/20/2012 8:04,1/20/2012 16:05
5,1/21/2012 8:11,1/21/2012 16:06
5,1/22/2012 8:08,1/22/2012 16:17
5,1/23/2012 8:07,1/23/2012 16:10
5,1/24/2012 8:07,1/24/2012 16:18
5,1/25/2012 8:07,1/25/2012 16:18
5,1/26/2012 8:05,1/26/2012 16:01
5,1/27/2012 8:18,1/27/2012 16:09
5,1/28/2012 8:11,1/28/2012 16:05
5,1/29/2012 8:13,1/29/2012 16:06
5,1/30/2012 8:09,1/30/2012 16:12
5,1/31/2012 8:07,1/31/2012 16:17
5,2/1/2012 8:01,2/1/2012 16:00
5,2/2/2012 8:09,2/2/2012 16:17
5,2/3/2012 8:08,2/3/2012 16:13
5,2/4/2012 8:02,2/4/2012 16:05
5,2/5/2012 8:01,2/5/2012 16:15
5,2/6/2012 8:00,2/6/2012 16:19
5,2/7/2012 8:00,2/7/2012 16:12
5,2/8/2012 8:15,2/8/2012 16:10
5,2/9/2012 8:05,2/9/2012 16:07
5,2/10/2012 8:05,2/10/2012 16:17
5,2/11/2012 8:10,2/11/2012 16:08
5,2/12/2012 8:15,2/12/2012 16:05
5,2/13/2012 8:18,2/13/2012 16:12
5,2/14/2012 8:04,2/14/2012 16:19
5,2/15/2012 8:17,2/15/2012 16:02
5,2/16/2012 8:01,2/16/2012 16:08
5,2/17/2012 8:03,2/17/2012 16:16
5,2/18/2012 8:04,2/18/2012 16:15
5,2/19/2012 8:04,2/19/2012 16:05
5,2/20/2012 8:07,2/20/2012 16:12
5,2/21/2012 8:02,2/21/2012 16:16
5,2/22/2012 8:16,2/22/2012 16:00
5,2/23/2012 8:07,2/23/2012 16:02
5,2/24/2012 8:07,2/24/2012 16:19
5,2/25/2012 8:05,2/25/2012 16:13
5,2/26/2012 8:19,2/26/2012 16:11
5,2/27/2012 8:11,2/27/2012 16:11
5,2/28/2012 8:17,2/28/2012 16:12
5,2/29/2012 8:09,2/29/2012 16:16
5,3/1/2012 8:10,3/1/2012 16:01
5,3/2/2012 8:09,3/2/2012 16:14
5,3/3/2012 8:13,3/3/2012 16:00
5,3/4/2012 8:10,3/4/2012 16:12
5,3/5/2012 8:19,3/5/2012 16:00
5,3/6/2012 8:15,3/6/2012 16:03
5,3/7/2012 8:19,3/7/2012 16:02
5,3/8/2012 8:03,3/8/2012 16:00
5,3/9/2012 8:16,3/9/2012 16:16
5,3/10/2012 8:19,3/10/2012 16:11
5,3/11/2012 8:16,3/11/2012 16:11
5,3/12/2012 8:10,3/12/2012 16:02
5,3/13/2012 8:04,3/13/2012 16:11
5,3/14/2012 8:08,3/14/2012 16:07
5,3/15/2012 8:18,3/15/2012 16:12
5,3/16/2012 8:04,3/16/2012 16:06
5,3/17/2012 8:05,3/17/2012 16:03
5,3/18/2012 8:00,3/18/2012 16:06
5,3/19/2012 8:18,3/19/2012 16:05
5,3/20/2012 8:15,3/20/2012 16:01
5,3/21/2012 8:17,3/21/2012 16:07
5,3/22/2012 8:13,3/22/2012 16:04
5,3/23/2012 8:06,3/23/2012 16:09
5,3/24/2012 8:16,3/24/2012 16:13
5,3/25/2012 8:08,3/25/2012 16:19
5,3/26/2012 8:07,3/26/2012 16:04
5,3/27/2012 8:15,3/27/2012 16:01
5,3/28/2012 8:17,3/28/2012 16:09
5,3/29/2012 8:10,3/29/2012 16:08
5,3/30/2012 8:10,3/30/2012 16:18
5,3/31/2012 8:02,3/31/2012 16:16
5,4/1/2012 8:10,4/1/2012 16:03
5,4/2/2012 8:16,4/2/2012 16:17
5,4/3/2012 8:03,4/3/2012 16:17
5,4/4/2012 8:19,4/4/2012 16:09
5,4/5/2012 8:10,4/5/2012 16:19
5,4/6/2012 8:13,4/6/2012 16:01
5,4/7/2012 8:01,4/7/2012 16:08
5,4/8/2012 8:04,4/8/2012 16:10
5,4/9/2012 8:03,4/9/2012 16:08
5,4/10/2012 8:15,4/10/2012 16:13
5,4/11/2012 8:08,4/11/2012 16:14
5,4/12/2012 8:10,4/12/2012 16:01
5,4/13/2012 8:13,4/13/2012 16:03
5,4/14/2012 8:00,4/14/2012 16:16
5,4/15/2012 8:13,4/15/2012 16:11
5,4/16/2012 8:19,4/16/2012 16:04
5,4/17/2012 8:06,4/17/2012 16:07
5,4/18/2012 8:13,4/18/2012 16:12
5,4/19/2012 8:09,4/19/2012 16:15
5,4/20/2012 8:10,4/20/2012 16:19
5,4/21/2012 8:01,4/21/2012 16:15
5,4/22/2012 8:07,4/22/2012 16:07
5,4/23/2012 8:12,4/23/2012 16:05
5,4/24/2012 8:00,4/24/2012 16:02
5,4/25/2012 8:08,4/25/2012 16:18
5,4/26/2012 8:17,4/26/2012 16:18
5,4/27/2012 8:09,4/27/2012 16:10
5,4/28/2012 8:07,4/28/2012 16:05
5,4/29/2012 8:17,4/29/2012 16:01
5,4/30/2012 8:02,4/30/2012 16:15
5,5/1/2012 8:16,5/1/2012 16:16
5,5/2/2012 8:14,5/2/2012 16:17
5,5/3/2012 8:04,5/3/2012 16:14
5,5/4/2012 8:13,5/4/2012 16:02
5,5/5/2012 8:18,5/5/2012 16:04
5,5/6/2012 8:07,5/6/2012 16:06
5,5/7/2012 8:02,5/7/2012 16:07
5,5/8/2012 8:16,5/8/2012 16:08
5,5/9/2012 8:09,5/9/2012 16:04
5,5/10/2012 8:01,5/10/2012 16:18
5,5/11/2012 8:10,5/11/2012 16:18
5,5/12/2012 8:13,5/12/2012 16:06
5,5/13/2012 8:02,5/13/2012 16:05
5,5/14/2012 8:17,5/14/2012 16:04
5,5/15/2012 8:01,5/15/2012 16:03
5,5/16/2012 8:06,5/16/2012 16:04
5,5/17/2012 8:01,5/17/2012 16:04
5,5/18/2012 8:03,5/18/2012 16:03
5,5/19/2012 8:14,5/19/2012 16:13
5,5/20/2012 8:10,5/20/2012 16:00
5,5/21/2012 8:00,5/21/2012 16:10
5,5/22/2012 8:11,5/22/2012 16:13
5,5/23/2012 8:16,5/23/2012 16:07
5,5/24/2012 8:06,5/24/2012 16:19
5,5/25/2012 8:01,5/25/2012 16:05
5,5/26/2012 8:17,5/26/2012 16:03
5,5/27/2012 8:03,5/27/2012 16:04
5,5/28/2012 8:02,5/28/2012 16:04
5,5/29/2012 8:00,5/29/2012 16:00
5,5/30/2012 8:05,5/30/2012 16:19
5,5/31/2012 8:16,5/31/2012 16:14
5,6/1/2012 8:14,6/1/2012 16:05
5,6/2/2012 8:12,6/2/2012 16:10
5,6/3/2012 8:04,6/3/2012 16:02
5,6/4/2012 8:04,6/4/2012 16:06
5,6/5/2012 8:16,6/5/2012 16:03
5,6/6/2012 8:14,6/6/2012 16:08
5,6/7/2012 8:10,6/7/2012 16:01
5,6/8/2012 8:16,6/8/2012 16:18
5,6/9/2012 8:13,6/9/2012 16:01
5,6/10/2012 8:07,6/10/2012 16:17
5,6/11/2012 8:06,6/11/2012 16:09
5,6/12/2012 8:18,6/12/2012 16:13
5,6/13/2012 8:07,6/13/2012 16:04
5,6/14/2012 8:00,6/14/2012 16:16
5,6/15/2012 8:05,6/15/2012 16:16
5,6/16/2012 8:01,6/16/2012 16:19
5,6/17/2012 8:16,6/17/2012 16:18
5,6/18/2012 8:19,6/18/2012 16:19
5,6/19/2012 8:11,6/19/2012 16:07
5,6/20/2012 8:09,6/20/2012 16:00
5,6/21/2012 8:19,6/21/2012 16:07
5,6/22/2012 8:11,6/22/2012 16:02
5,6/23/2012 8:04,6/23/2012 16:18
5,6/24/2012 8:16,6/24/2012 16:15
5,6/25/2012 8:07,6/25/2012 16:06
5,6/26/2012 8:14,6/26/2012 16:10
5,6/27/2012 8:06,6/27/2012 16:03
5,6/28/2012 8:04,6/28/2012 16:15
5,6/29/2012 8:02,6/29/2012 16:19
5,6/30/2012 8:13,6/30/2012 16:18
5,7/1/2012 8:08,7/1/2012 16:05
5,7/2/2012 8:16,7/2/2012 16:04
5,7/3/2012 8:14,7/3/2012 16:14
5,7/4/2012 8:05,7/4/2012 16:06
5,7/5/2012 8:18,7/5/2012 16:00
5,7/6/2012 8:08,7/6/2012 16:02
5,7/7/2012 8:18,7/7/2012 16:11
5,7/8/2012 8:00,7/8/2012 16:16
5,7/9/2012 8:11,7/9/2012 16:17
5,7/10/2012 8:12,7/10/2012 16:19
5,7/11/2012 8:01,7/11/2012 16:06
5,7/12/2012 8:07,7/12/2012 16:15
5,7/13/2012 8:07,7/13/2012 16:13
5,7/14/2012 8:05,7/14/2012 16:00
5,7/15/2012 8:11,7/15/2012 16:03
5,7/16/2012 8:13,7/16/2012 16:05
5,7/17/2012 8:11,7/17/2012 16:08
5,7/18/2012 8:08,7/18/2012 16:15
5,7/19/2012 8:13,7/19/2012 16:00
5,7/20/2012 8:00,7/20/2012 16:05
5,7/21/2012 8:08,7/21/2012 16:19
5,7/22/2012 8:00,7/22/2012 16:09
5,7/23/2012 8:11,7/23/2012 16:10
5,7/24/2012 8:01,7/24/2012 16:17
5,7/25/2012 8:08,7/25/2012 16:18
5,7/26/2012 8:04,7/26/2012 16:09
5,7/27/2012 8:09,7/27/2012 16:02
5,7/28/2012 8:14,7/28/2012 16:07
5,7/29/2012 8:18,7/29/2012 16:18
5,7/30/2012 8:12,7/30/2012 16:11
5,7/31/2012 8:10,7/31/2012 16:10
5,8/1/2012 8:19,8/1/2012 16:12
5,8/2/2012 8:04,8/2/2012 16:03
5,8/3/2012 8:18,8/3/2012 16:04
5,8/4/2012 8:02,8/4/2012 16:10
5,8/5/2012 8:00,8/5/2012 16:15
5,8/6/2012 8:18,8/6/2012 16:14
5,8/7/2012 8:06,8/7/2012 16:16
5,8/8/2012 8:05,8/8/2012 16:12
5,8/9/2012 8:14,8/9/2012 16:17
5,8/10/2012 8:05,8/10/2012 16:05
5,8/11/2012 8:04,8/11/2012 16:04
5,8/12/2012 8:13,8/12/2012 16:06
5,8/13/2012 8:17,8/13/2012 16:01
5,8/14/2012 8:03,8/14/2012 16:09
5,8/15/2012 8:00,8/15/2012 16:12
5,8/16/2012 8:17,8/16/2012 16:07
5,8/17/2012 8:13,8/17/2012 16:12
5,8/18/2012 8:06,8/18/2012 16:14
5,8/19/2012 8:17,8/19/2012 16:17
5,8/20/2012 8:10,8/20/2012 16:18
5,8/21/2012 8:07,8/21/2012 16:19
5,8/22/2012 8:04,8/22/2012 16:12
5,8/23/2012 8:14,8/23/2012 16:15
5,8/24/2012 8:02,8/24/2012 16:10
5,8/25/2012 8:07,8/25/2012 16:11
5,8/26/2012 8:00,8/26/2012 16:10
5,8/27/2012 8:04,8/27/2012 16:19
5,8/28/2012 8:05,8/28/2012 16:03
5,8/29/2012 8:18,8/29/2012 16:01
5,8/30/2012 8:06,8/30/2012 16:07
5,8/31/2012 8:11,8/31/2012 16:19
5,9/1/2012 8:03,9/1/2012 16:08
5,9/2/2012 8:04,9/2/2012 16:09
5,9/3/2012 8:08,9/3/2012 16:00
5,9/4/2012 8:00,9/4/2012 16:10
5,9/5/2012 8:06,9/5/2012 16:04
5,9/6/2012 8:17,9/6/2012 16:06
5,9/7/2012 8:05,9/7/2012 16:16
5,9/8/2012 8:06,9/8/2012 16:01
5,9/9/2012 8:03,9/9/2012 16:15
5,9/10/2012 8:00,9/10/2012 16:19
5,9/11/2012 8:02,9/11/2012 16:16
5,9/12/2012 8:12,9/12/2012 16:15
5,9/13/2012 8:00,9/13/2012 16:19
5,9/14/2012 8:19,9/14/2012 16:19
5,9/15/2012 8:17,9/15/2012 16:18
5,9/16/2012 8:11,9/16/2012 16:00
5,9/17/2012 8:00,9/17/2012 16:15
5,9/18/2012 8:02,9/18/2012 16:01
5,9/19/2012 8:05,9/19/2012 16:12
5,9/20/2012 8:06,9/20/2012 16:08
5,9/21/2012 8:02,9/21/2012 16:13
5,9/22/2012 8:00,9/22/2012 16:02
5,9/23/2012 8:15,9/23/2012 16:02
5,9/24/2012 8:16,9/24/2012 16:19
5,9/25/2012 8:02,9/25/2012 16:05
5,9/26/2012 8:01,9/26/2012 16:11
5,9/27/2012 8:04,9/27/2012 16:14
5,9/28/2012 8:18,9/28/2012 16:16
5,9/29/2012 8:18,9/29/2012 16:05
5,9/30/2012 8:11,9/30/2012 16:15
5,10/1/2012 8:05,10/1/2012 16:16
5,10/2/2012 8:02,10/2/2012 16:00
5,10/3/2012 8:19,10/3/2012 16:08
5,10/4/2012 8:00,10/4/2012 16:02
5,10/5/2012 8:01,10/5/2012 16:18
5,10/6/2012 8:07,10/6/2012 16:02
5,10/7/2012 8:08,10/7/2012 16:10
5,10/8/2012 8:08,10/8/2012 16:14
5,10/9/2012 8:09,10/9/2012 16:11
5,10/10/2012 8:18,10/10/2012 16:15
5,10/11/2012 8:18,10/11/2012 16:17
5,10/12/2012 8:01,10/12/2012 16:04
5,10/13/2012 8:02,10/13/2012 16:02
5,10/14/2012 8:03,10/14/2012 16:01
5,10/15/2012 8:05,10/15/2012 16:00
5,10/16/2012 8:11,10/16/2012 16:09
5,10/17/2012 8:15,10/17/2012 16:16
5,10/18/2012 8:13,10/18/2012 16:10
5,10/19/2012 8:02,10/19/2012 16:07
5,10/20/2012 8:02,10/20/2012 16:14
5,10/21/2012 8:18,10/21/2012 16:10
5,10/22/2012 8:03,10/22/2012 16:18
5,10/23/2012 8:11,10/23/2012 16:11
5,10/24/2012 8:12,10/24/2012 16:13
5,10/25/2012 8:05,10/25/2012 16:00
5,10/26/2012 8:02,10/26/2012 16:18
5,10/27/2012 8:05,10/27/2012 16:10
5,10/28/2012 8:01,10/28/2012 16:03
5,10/29/2012 8:19,10/29/2012 16:00
5,10/30/2012 8:02,10/30/2012 16:12
5,10/31/2012 8:00,10/31/2012 16:12
5,11/1/2012 8:16,11/1/2012 16:05
5,11/2/2012 8:04,11/2/2012 16:14
5,11/3/2012 8:14,11/3/2012 16:19
5,11/4/2012 8:09,11/4/2012 16:00
5,11/5/2012 8:08,11/5/2012 16:10
5,11/6/2012 8:12,11/6/2012 16:12
5,11/7/2012 8:14,11/7/2012 16:14
5,11/8/2012 8:01,11/8/2012 16:08
5,11/9/2012 8:17,11/9/2012 16:10
5,11/10/2012 8:03,11/10/2012 16:05
5,11/11/2012 8:16,11/11/2012 16:07
5,11/12/2012 8:10,11/12/2012 16:10
5,11/13/2012 8:06,11/13/2012 16:17
5,11/14/2012 8:18,11/14/2012 16:02
5,11/15/2012 8:09,11/15/2012 16:19
5,11/16/2012 8:05,11/16/2012 16:02
5,11/17/2012 8:11,11/17/2012 16:05
5,11/18/2012 8:17,11/18/2012 16:15
5,11/19/2012 8:03,11/19/2012 16:18
5,11/20/2012 8:01,11/20/2012 16:07
5,11/21/2012 8:01,11/21/2012 16:18
5,11/22/2012 8:16,11/22/2012 16:07
5,11/23/2012 8:16,11/23/2012 16:12
5,11/24/2012 8:09,11/24/2012 16:15
5,11/25/2012 8:09,11/25/2012 16:15
5,11/26/2012 8:03,11/26/2012 16:17
5,11/27/2012 8:19,11/27/2012 16:04
5,11/28/2012 8:19,11/28/2012 16:06
5,11/29/2012 8:04,11/29/2012 16:10
5,11/30/2012 8:12,11/30/2012 16:16
5,12/1/2012 8:09,12/1/2012 16:00
5,12/2/2012 8:19,12/2/2012 16:10
5,12/3/2012 8:08,12/3/2012 16:18
5,12/4/2012 8:16,12/4/2012 16:11
5,12/5/2012 8:13,12/5/2012 16:09
77,12/5/2011 8:17,12/5/2011 16:07
,,
