Employee ID,Date,Widgets
1,12/5/2011,1052
1,12/6/2011,1442
1,12/7/2011,1352
1,12/8/2011,1149
1,12/9/2011,1053
1,12/10/2011,1314
1,12/11/2011,1102
1,12/12/2011,1406
1,12/13/2011,1374
1,12/14/2011,1387
1,12/15/2011,1484
1,12/16/2011,1091
1,12/17/2011,1341
1,12/18/2011,1120
1,12/19/2011,1107
1,12/20/2011,1155
1,12/21/2011,1202
1,12/22/2011,1035
1,12/23/2011,1260
1,12/24/2011,1435
1,12/25/2011,1473
1,12/26/2011,1286
1,12/27/2011,1342
1,12/28/2011,1403
1,12/29/2011,1491
1,12/30/2011,1023
1,12/31/2011,1494
1,1/1/2012,1103
1,1/2/2012,1179
1,1/3/2012,1088
1,1/4/2012,1053
1,1/5/2012,1072
1,1/6/2012,1293
1,1/7/2012,1324
1,1/8/2012,1355
1,1/9/2012,1334
1,1/10/2012,1044
1,1/11/2012,1110
1,1/12/2012,1277
1,1/13/2012,1268
1,1/14/2012,1406
1,1/15/2012,1394
1,1/16/2012,1302
1,1/17/2012,1431
1,1/18/2012,1140
1,1/19/2012,1193
1,1/20/2012,1226
1,1/21/2012,1025
1,1/22/2012,1411
1,1/23/2012,1113
1,1/24/2012,1072
1,1/25/2012,1276
1,1/26/2012,1200
1,1/27/2012,1131
1,1/28/2012,1278
1,1/29/2012,1352
1,1/30/2012,1494
1,1/31/2012,1081
1,2/1/2012,1189
1,2/2/2012,1252
1,2/3/2012,1111
1,2/4/2012,1067
1,2/5/2012,1138
1,2/6/2012,1015
1,2/7/2012,1066
1,2/8/2012,1434
1,2/9/2012,1378
1,2/10/2012,1256
1,2/11/2012,1078
1,2/12/2012,1107
1,2/13/2012,1296
1,2/14/2012,1204
1,2/15/2012,1225
1,2/16/2012,1129
1,2/17/2012,1340
1,2/18/2012,1052
1,2/19/2012,1278
1,2/20/2012,1299
1,2/21/2012,1385
1,2/22/2012,1477
1,2/23/2012,1240
1,2/24/2012,1261
1,2/25/2012,1252
1,2/26/2012,1006
1,2/27/2012,1059
1,2/28/2012,1103
1,2/29/2012,1266
1,3/1/2012,1215
1,3/2/2012,1322
1,3/3/2012,1158
1,3/4/2012,1024
1,3/5/2012,1119
1,3/6/2012,1383
1,3/7/2012,1211
1,3/8/2012,1350
1,3/9/2012,1249
1,3/10/2012,1383
1,3/11/2012,1173
1,3/12/2012,1297
1,3/13/2012,1451
1,3/14/2012,1264
1,3/15/2012,1459
1,3/16/2012,1319
1,3/17/2012,1354
1,3/18/2012,1361
1,3/19/2012,1494
1,3/20/2012,1122
1,3/21/2012,1470
1,3/22/2012,1177
1,3/23/2012,1065
1,3/24/2012,1042
1,3/25/2012,1399
1,3/26/2012,1102
1,3/27/2012,1113
1,3/28/2012,1382
1,3/29/2012,1084
1,3/30/2012,1396
1,3/31/2012,1407
1,4/1/2012,1066
1,4/2/2012,1341
1,4/3/2012,1365
1,4/4/2012,1245
1,4/5/2012,1252
1,4/6/2012,1005
1,4/7/2012,1385
1,4/8/2012,1392
1,4/9/2012,1158
1,4/10/2012,1025
1,4/11/2012,1242
1,4/12/2012,1276
1,4/13/2012,1492
1,4/14/2012,1373
1,4/15/2012,1101
1,4/16/2012,1319
1,4/17/2012,1243
1,4/18/2012,1447
1,4/19/2012,1439
1,4/20/2012,1188
1,4/21/2012,1464
1,4/22/2012,1329
1,4/23/2012,1468
1,4/24/2012,1058
1,4/25/2012,1421
1,4/26/2012,1213
1,4/27/2012,1202
1,4/28/2012,1059
1,4/29/2012,1104
1,4/30/2012,1169
1,5/1/2012,1462
1,5/2/2012,1076
1,5/3/2012,1425
1,5/4/2012,1448
1,5/5/2012,1150
1,5/6/2012,1238
1,5/7/2012,1380
1,5/8/2012,1418
1,5/9/2012,1458
1,5/10/2012,1080
1,5/11/2012,1225
1,5/12/2012,1492
1,5/13/2012,1441
1,5/14/2012,1337
1,5/15/2012,1319
1,5/16/2012,1039
1,5/17/2012,1027
1,5/18/2012,1412
1,5/19/2012,1034
1,5/20/2012,1175
1,5/21/2012,1364
1,5/22/2012,1259
1,5/23/2012,1309
1,5/24/2012,1072
1,5/25/2012,1154
1,5/26/2012,1049
1,5/27/2012,1391
1,5/28/2012,1050
1,5/29/2012,1207
1,5/30/2012,1429
1,5/31/2012,1084
1,6/1/2012,1082
1,6/2/2012,1273
1,6/3/2012,1019
1,6/4/2012,1233
1,6/5/2012,1060
1,6/6/2012,1116
1,6/7/2012,1195
1,6/8/2012,1334
1,6/9/2012,1187
1,6/10/2012,1115
1,6/11/2012,1349
1,6/12/2012,1474
1,6/13/2012,1045
1,6/14/2012,1381
1,6/15/2012,1065
1,6/16/2012,1246
1,6/17/2012,1475
1,6/18/2012,1250
1,6/19/2012,1133
1,6/20/2012,1279
1,6/21/2012,1250
1,6/22/2012,1449
1,6/23/2012,1439
1,6/24/2012,1169
1,6/25/2012,1482
1,6/26/2012,1156
1,6/27/2012,1121
1,6/28/2012,1257
1,6/29/2012,1004
1,6/30/2012,1310
1,7/1/2012,1470
1,7/2/2012,1494
1,7/3/2012,1148
1,7/4/2012,1448
1,7/5/2012,1299
1,7/6/2012,1463
1,7/7/2012,1249
1,7/8/2012,1031
1,7/9/2012,1168
1,7/10/2012,1129
1,7/11/2012,1414
1,7/12/2012,1084
1,7/13/2012,1298
1,7/14/2012,1138
1,7/15/2012,1005
1,7/16/2012,1400
1,7/17/2012,1009
1,7/18/2012,1122
1,7/19/2012,1253
1,7/20/2012,1386
1,7/21/2012,1089
1,7/22/2012,1194
1,7/23/2012,1098
1,7/24/2012,1190
1,7/25/2012,1215
1,7/26/2012,1258
1,7/27/2012,1050
1,7/28/2012,1357
1,7/29/2012,1382
1,7/30/2012,1243
1,7/31/2012,1140
1,8/1/2012,1378
1,8/2/2012,1184
1,8/3/2012,1387
1,8/4/2012,1092
1,8/5/2012,1313
1,8/6/2012,1411
1,8/7/2012,1325
1,8/8/2012,1033
1,8/9/2012,1161
1,8/10/2012,1079
1,8/11/2012,1286
1,8/12/2012,1241
1,8/13/2012,1394
1,8/14/2012,1478
1,8/15/2012,1092
1,8/16/2012,1334
1,8/17/2012,1187
1,8/18/2012,1211
1,8/19/2012,1233
1,8/20/2012,1249
1,8/21/2012,1382
1,8/22/2012,1311
1,8/23/2012,1063
1,8/24/2012,1006
1,8/25/2012,1306
1,8/26/2012,1422
1,8/27/2012,1249
1,8/28/2012,1126
1,8/29/2012,1307
1,8/30/2012,1491
1,8/31/2012,1107
1,9/1/2012,1258
1,9/2/2012,1414
1,9/3/2012,1319
1,9/4/2012,1235
1,9/5/2012,1105
1,9/6/2012,1355
1,9/7/2012,1140
1,9/8/2012,1016
1,9/9/2012,1067
1,9/10/2012,1476
1,9/11/2012,1008
1,9/12/2012,1260
1,9/13/2012,1056
1,9/14/2012,1311
1,9/15/2012,1191
1,9/16/2012,1243
1,9/17/2012,1103
1,9/18/2012,1302
1,9/19/2012,1181
1,9/20/2012,1481
1,9/21/2012,1314
1,9/22/2012,1068
1,9/23/2012,1332
1,9/24/2012,1290
1,9/25/2012,1099
1,9/26/2012,1318
1,9/27/2012,1094
1,9/28/2012,1118
1,9/29/2012,1484
1,9/30/2012,1387
1,10/1/2012,1310
1,10/2/2012,1402
1,10/3/2012,1255
1,10/4/2012,1302
1,10/5/2012,1100
1,10/6/2012,1247
1,10/7/2012,1310
1,10/8/2012,1086
1,10/9/2012,1263
1,10/10/2012,1030
1,10/11/2012,1115
1,10/12/2012,1024
1,10/13/2012,1094
1,10/14/2012,1471
1,10/15/2012,1062
1,10/16/2012,1323
1,10/17/2012,1159
1,10/18/2012,1309
1,10/19/2012,1270
1,10/20/2012,1436
1,10/21/2012,1018
1,10/22/2012,1262
1,10/23/2012,1181
1,10/24/2012,1465
1,10/25/2012,1032
1,10/26/2012,1204
1,10/27/2012,1394
1,10/28/2012,1046
1,10/29/2012,1030
1,10/30/2012,1405
1,10/31/2012,1329
1,11/1/2012,1498
1,11/2/2012,1133
1,11/3/2012,1377
1,11/4/2012,1330
1,11/5/2012,1336
1,11/6/2012,1274
1,11/7/2012,1007
1,11/8/2012,1272
1,11/9/2012,1068
1,11/10/2012,1243
1,11/11/2012,1044
1,11/12/2012,1014
1,11/13/2012,1405
1,11/14/2012,1161
1,11/15/2012,1493
1,11/16/2012,1157
1,11/17/2012,1451
1,11/18/2012,1271
1,11/19/2012,1123
1,11/20/2012,1292
1,11/21/2012,1101
1,11/22/2012,1061
1,11/23/2012,1409
1,11/24/2012,1280
1,11/25/2012,1374
1,11/26/2012,1390
1,11/27/2012,1345
1,11/28/2012,1192
1,11/29/2012,1376
1,11/30/2012,1329
1,12/1/2012,1498
1,12/2/2012,1167
1,12/3/2012,1077
1,12/4/2012,1061
1,12/5/2012,1099
2,12/5/2011,1416
2,12/6/2011,1180
2,12/7/2011,1302
2,12/8/2011,1113
2,12/9/2011,1086
2,12/10/2011,1131
2,12/11/2011,1111
2,12/12/2011,1067
2,12/13/2011,1187
2,12/14/2011,1490
2,12/15/2011,1451
2,12/16/2011,1253
2,12/17/2011,1316
2,12/18/2011,1118
2,12/19/2011,1354
2,12/20/2011,1486
2,12/21/2011,1296
2,12/22/2011,1077
2,12/23/2011,1368
2,12/24/2011,1214
2,12/25/2011,1252
2,12/26/2011,1397
2,12/27/2011,1231
2,12/28/2011,1121
2,12/29/2011,1227
2,12/30/2011,1434
2,12/31/2011,1363
2,1/1/2012,1252
2,1/2/2012,1093
2,1/3/2012,1323
2,1/4/2012,1406
2,1/5/2012,1347
2,1/6/2012,1150
2,1/7/2012,1494
2,1/8/2012,1376
2,1/9/2012,1126
2,1/10/2012,1108
2,1/11/2012,1128
2,1/12/2012,1340
2,1/13/2012,1282
2,1/14/2012,1020
2,1/15/2012,1164
2,1/16/2012,1382
2,1/17/2012,1017
2,1/18/2012,1130
2,1/19/2012,1483
2,1/20/2012,1022
2,1/21/2012,1248
2,1/22/2012,1316
2,1/23/2012,1291
2,1/24/2012,1142
2,1/25/2012,1227
2,1/26/2012,1214
2,1/27/2012,1332
2,1/28/2012,1230
2,1/29/2012,1269
2,1/30/2012,1277
2,1/31/2012,1400
2,2/1/2012,1292
2,2/2/2012,1059
2,2/3/2012,1207
2,2/4/2012,1347
2,2/5/2012,1308
2,2/6/2012,1260
2,2/7/2012,1083
2,2/8/2012,1027
2,2/9/2012,1480
2,2/10/2012,1132
2,2/11/2012,1076
2,2/12/2012,1439
2,2/13/2012,1227
2,2/14/2012,1277
2,2/15/2012,1274
2,2/16/2012,1175
2,2/17/2012,1128
2,2/18/2012,1363
2,2/19/2012,1136
2,2/20/2012,1132
2,2/21/2012,1060
2,2/22/2012,1163
2,2/23/2012,1017
2,2/24/2012,1116
2,2/25/2012,1030
2,2/26/2012,1308
2,2/27/2012,1493
2,2/28/2012,1210
2,2/29/2012,1181
2,3/1/2012,1288
2,3/2/2012,1355
2,3/3/2012,1243
2,3/4/2012,1147
2,3/5/2012,1420
2,3/6/2012,1175
2,3/7/2012,1022
2,3/8/2012,1492
2,3/9/2012,1440
2,3/10/2012,1117
2,3/11/2012,1303
2,3/12/2012,1121
2,3/13/2012,1313
2,3/14/2012,1049
2,3/15/2012,1075
2,3/16/2012,1356
2,3/17/2012,1145
2,3/18/2012,1085
2,3/19/2012,1321
2,3/20/2012,1362
2,3/21/2012,1365
2,3/22/2012,1191
2,3/23/2012,1212
2,3/24/2012,1449
2,3/25/2012,1312
2,3/26/2012,1487
2,3/27/2012,1037
2,3/28/2012,1300
2,3/29/2012,1227
2,3/30/2012,1265
2,3/31/2012,1140
2,4/1/2012,1307
2,4/2/2012,1094
2,4/3/2012,1004
2,4/4/2012,1215
2,4/5/2012,1116
2,4/6/2012,1409
2,4/7/2012,1014
2,4/8/2012,1220
2,4/9/2012,1255
2,4/10/2012,1167
2,4/11/2012,1141
2,4/12/2012,1145
2,4/13/2012,1077
2,4/14/2012,1232
2,4/15/2012,1196
2,4/16/2012,1349
2,4/17/2012,1098
2,4/18/2012,1313
2,4/19/2012,1224
2,4/20/2012,1333
2,4/21/2012,1041
2,4/22/2012,1157
2,4/23/2012,1032
2,4/24/2012,1209
2,4/25/2012,1283
2,4/26/2012,1465
2,4/27/2012,1304
2,4/28/2012,1351
2,4/29/2012,1059
2,4/30/2012,1048
2,5/1/2012,1005
2,5/2/2012,1353
2,5/3/2012,1470
2,5/4/2012,1191
2,5/5/2012,1297
2,5/6/2012,1127
2,5/7/2012,1062
2,5/8/2012,1112
2,5/9/2012,1059
2,5/10/2012,1491
2,5/11/2012,1212
2,5/12/2012,1141
2,5/13/2012,1234
2,5/14/2012,1031
2,5/15/2012,1254
2,5/16/2012,1077
2,5/17/2012,1269
2,5/18/2012,1094
2,5/19/2012,1131
2,5/20/2012,1312
2,5/21/2012,1098
2,5/22/2012,1202
2,5/23/2012,1391
2,5/24/2012,1321
2,5/25/2012,1169
2,5/26/2012,1105
2,5/27/2012,1109
2,5/28/2012,1483
2,5/29/2012,1182
2,5/30/2012,1476
2,5/31/2012,1350
2,6/1/2012,1186
2,6/2/2012,1185
2,6/3/2012,1304
2,6/4/2012,1137
2,6/5/2012,1325
2,6/6/2012,1469
2,6/7/2012,1048
2,6/8/2012,1419
2,6/9/2012,1202
2,6/10/2012,1142
2,6/11/2012,1114
2,6/12/2012,1460
2,6/13/2012,1189
2,6/14/2012,1480
2,6/15/2012,1126
2,6/16/2012,1414
2,6/17/2012,1367
2,6/18/2012,1381
2,6/19/2012,1031
2,6/20/2012,1366
2,6/21/2012,1185
2,6/22/2012,1318
2,6/23/2012,1048
2,6/24/2012,1088
2,6/25/2012,1296
2,6/26/2012,1048
2,6/27/2012,1298
2,6/28/2012,1376
2,6/29/2012,1302
2,6/30/2012,1438
2,7/1/2012,1338
2,7/2/2012,1072
2,7/3/2012,1179
2,7/4/2012,1136
2,7/5/2012,1467
2,7/6/2012,1300
2,7/7/2012,1219
2,7/8/2012,1224
2,7/9/2012,1169
2,7/10/2012,1038
2,7/11/2012,1338
2,7/12/2012,1467
2,7/13/2012,1026
2,7/14/2012,1190
2,7/15/2012,1163
2,7/16/2012,1377
2,7/17/2012,1126
2,7/18/2012,1271
2,7/19/2012,1463
2,7/20/2012,1083
2,7/21/2012,1030
2,7/22/2012,1164
2,7/23/2012,1461
2,7/24/2012,1267
2,7/25/2012,1210
2,7/26/2012,1416
2,7/27/2012,1272
2,7/28/2012,1450
2,7/29/2012,1191
2,7/30/2012,1367
2,7/31/2012,1017
2,8/1/2012,1043
2,8/2/2012,1243
2,8/3/2012,1330
2,8/4/2012,1418
2,8/5/2012,1341
2,8/6/2012,1391
2,8/7/2012,1461
2,8/8/2012,1213
2,8/9/2012,1308
2,8/10/2012,1407
2,8/11/2012,1052
2,8/12/2012,1401
2,8/13/2012,1433
2,8/14/2012,1245
2,8/15/2012,1171
2,8/16/2012,1043
2,8/17/2012,1026
2,8/18/2012,1391
2,8/19/2012,1018
2,8/20/2012,1405
2,8/21/2012,1396
2,8/22/2012,1457
2,8/23/2012,1075
2,8/24/2012,1093
2,8/25/2012,1456
2,8/26/2012,1234
2,8/27/2012,1193
2,8/28/2012,1436
2,8/29/2012,1152
2,8/30/2012,1327
2,8/31/2012,1018
2,9/1/2012,1037
2,9/2/2012,1174
2,9/3/2012,1469
2,9/4/2012,1247
2,9/5/2012,1041
2,9/6/2012,1024
2,9/7/2012,1486
2,9/8/2012,1373
2,9/9/2012,1293
2,9/10/2012,1044
2,9/11/2012,1050
2,9/12/2012,1038
2,9/13/2012,1323
2,9/14/2012,1271
2,9/15/2012,1132
2,9/16/2012,1428
2,9/17/2012,1298
2,9/18/2012,1450
2,9/19/2012,1251
2,9/20/2012,1252
2,9/21/2012,1476
2,9/22/2012,1082
2,9/23/2012,1167
2,9/24/2012,1445
2,9/25/2012,1144
2,9/26/2012,1098
2,9/27/2012,1203
2,9/28/2012,1039
2,9/29/2012,1268
2,9/30/2012,1461
2,10/1/2012,1077
2,10/2/2012,1089
2,10/3/2012,1120
2,10/4/2012,1435
2,10/5/2012,1373
2,10/6/2012,1036
2,10/7/2012,1378
2,10/8/2012,1074
2,10/9/2012,1137
2,10/10/2012,1199
2,10/11/2012,1459
2,10/12/2012,1185
2,10/13/2012,1041
2,10/14/2012,1331
2,10/15/2012,1166
2,10/16/2012,1449
2,10/17/2012,1086
2,10/18/2012,1471
2,10/19/2012,1415
2,10/20/2012,1023
2,10/21/2012,1025
2,10/22/2012,1497
2,10/23/2012,1222
2,10/24/2012,1206
2,10/25/2012,1174
2,10/26/2012,1281
2,10/27/2012,1346
2,10/28/2012,1330
2,10/29/2012,1220
2,10/30/2012,1068
2,10/31/2012,1047
2,11/1/2012,1221
2,11/2/2012,1104
2,11/3/2012,1212
2,11/4/2012,1075
2,11/5/2012,1007
2,11/6/2012,1012
2,11/7/2012,1241
2,11/8/2012,1252
2,11/9/2012,1415
2,11/10/2012,1284
2,11/11/2012,1066
2,11/12/2012,1499
2,11/13/2012,1435
2,11/14/2012,1275
2,11/15/2012,1323
2,11/16/2012,1416
2,11/17/2012,1071
2,11/18/2012,1308
2,11/19/2012,1031
2,11/20/2012,1344
2,11/21/2012,1468
2,11/22/2012,1271
2,11/23/2012,1348
2,11/24/2012,1380
2,11/25/2012,1342
2,11/26/2012,1496
2,11/27/2012,1190
2,11/28/2012,1016
2,11/29/2012,1149
2,11/30/2012,1093
2,12/1/2012,1190
2,12/2/2012,1313
2,12/3/2012,1039
2,12/4/2012,1150
2,12/5/2012,1321
3,12/5/2011,1087
3,12/6/2011,1317
3,12/7/2011,1473
3,12/8/2011,1365
3,12/9/2011,1326
3,12/10/2011,1068
3,12/11/2011,1027
3,12/12/2011,1474
3,12/13/2011,1288
3,12/14/2011,1468
3,12/15/2011,1085
3,12/16/2011,1363
3,12/17/2011,1372
3,12/18/2011,1204
3,12/19/2011,1292
3,12/20/2011,1277
3,12/21/2011,1164
3,12/22/2011,1237
3,12/23/2011,1302
3,12/24/2011,1008
3,12/25/2011,1397
3,12/26/2011,1208
3,12/27/2011,1448
3,12/28/2011,1373
3,12/29/2011,1421
3,12/30/2011,1266
3,12/31/2011,1352
3,1/1/2012,1215
3,1/2/2012,1117
3,1/3/2012,1227
3,1/4/2012,1193
3,1/5/2012,1156
3,1/6/2012,1196
3,1/7/2012,1024
3,1/8/2012,1370
3,1/9/2012,1487
3,1/10/2012,1014
3,1/11/2012,1154
3,1/12/2012,1004
3,1/13/2012,1262
3,1/14/2012,1141
3,1/15/2012,1379
3,1/16/2012,1076
3,1/17/2012,1367
3,1/18/2012,1312
3,1/19/2012,1006
3,1/20/2012,1190
3,1/21/2012,1078
3,1/22/2012,1031
3,1/23/2012,1120
3,1/24/2012,1283
3,1/25/2012,1065
3,1/26/2012,1050
3,1/27/2012,1351
3,1/28/2012,1411
3,1/29/2012,1376
3,1/30/2012,1218
3,1/31/2012,1211
3,2/1/2012,1079
3,2/2/2012,1419
3,2/3/2012,1402
3,2/4/2012,1254
3,2/5/2012,1325
3,2/6/2012,1203
3,2/7/2012,1435
3,2/8/2012,1125
3,2/9/2012,1357
3,2/10/2012,1264
3,2/11/2012,1199
3,2/12/2012,1023
3,2/13/2012,1220
3,2/14/2012,1317
3,2/15/2012,1272
3,2/16/2012,1257
3,2/17/2012,1426
3,2/18/2012,1345
3,2/19/2012,1456
3,2/20/2012,1057
3,2/21/2012,1339
3,2/22/2012,1014
3,2/23/2012,1489
3,2/24/2012,1066
3,2/25/2012,1121
3,2/26/2012,1130
3,2/27/2012,1153
3,2/28/2012,1110
3,2/29/2012,1380
3,3/1/2012,1043
3,3/2/2012,1089
3,3/3/2012,1171
3,3/4/2012,1149
3,3/5/2012,1145
3,3/6/2012,1290
3,3/7/2012,1339
3,3/8/2012,1382
3,3/9/2012,1169
3,3/10/2012,1017
3,3/11/2012,1178
3,3/12/2012,1116
3,3/13/2012,1261
3,3/14/2012,1332
3,3/15/2012,1089
3,3/16/2012,1086
3,3/17/2012,1428
3,3/18/2012,1118
3,3/19/2012,1024
3,3/20/2012,1296
3,3/21/2012,1057
3,3/22/2012,1461
3,3/23/2012,1169
3,3/24/2012,1446
3,3/25/2012,1100
3,3/26/2012,1335
3,3/27/2012,1167
3,3/28/2012,1075
3,3/29/2012,1183
3,3/30/2012,1443
3,3/31/2012,1140
3,4/1/2012,1047
3,4/2/2012,1054
3,4/3/2012,1086
3,4/4/2012,1348
3,4/5/2012,1023
3,4/6/2012,1117
3,4/7/2012,1230
3,4/8/2012,1321
3,4/9/2012,1273
3,4/10/2012,1095
3,4/11/2012,1399
3,4/12/2012,1084
3,4/13/2012,1177
3,4/14/2012,1124
3,4/15/2012,1091
3,4/16/2012,1065
3,4/17/2012,1194
3,4/18/2012,1302
3,4/19/2012,1141
3,4/20/2012,1144
3,4/21/2012,1324
3,4/22/2012,1320
3,4/23/2012,1142
3,4/24/2012,1056
3,4/25/2012,1030
3,4/26/2012,1120
3,4/27/2012,1064
3,4/28/2012,1118
3,4/29/2012,1373
3,4/30/2012,1040
3,5/1/2012,1036
3,5/2/2012,1165
3,5/3/2012,1259
3,5/4/2012,1166
3,5/5/2012,1388
3,5/6/2012,1164
3,5/7/2012,1383
3,5/8/2012,1273
3,5/9/2012,1309
3,5/10/2012,1480
3,5/11/2012,1140
3,5/12/2012,1499
3,5/13/2012,1253
3,5/14/2012,1273
3,5/15/2012,1217
3,5/16/2012,1173
3,5/17/2012,1053
3,5/18/2012,1159
3,5/19/2012,1081
3,5/20/2012,1467
3,5/21/2012,1250
3,5/22/2012,1440
3,5/23/2012,1292
3,5/24/2012,1296
3,5/25/2012,1035
3,5/26/2012,1164
3,5/27/2012,1170
3,5/28/2012,1406
3,5/29/2012,1454
3,5/30/2012,1006
3,5/31/2012,1445
3,6/1/2012,1061
3,6/2/2012,1068
3,6/3/2012,1139
3,6/4/2012,1155
3,6/5/2012,1243
3,6/6/2012,1124
3,6/7/2012,1392
3,6/8/2012,1484
3,6/9/2012,1341
3,6/10/2012,1183
3,6/11/2012,1070
3,6/12/2012,1049
3,6/13/2012,1329
3,6/14/2012,1435
3,6/15/2012,1367
3,6/16/2012,1393
3,6/17/2012,1199
3,6/18/2012,1168
3,6/19/2012,1029
3,6/20/2012,1495
3,6/21/2012,1277
3,6/22/2012,1254
3,6/23/2012,1286
3,6/24/2012,1256
3,6/25/2012,1312
3,6/26/2012,1340
3,6/27/2012,1252
3,6/28/2012,1339
3,6/29/2012,1164
3,6/30/2012,1329
3,7/1/2012,1122
3,7/2/2012,1171
3,7/3/2012,1270
3,7/4/2012,1375
3,7/5/2012,1289
3,7/6/2012,1364
3,7/7/2012,1282
3,7/8/2012,1461
3,7/9/2012,1128
3,7/10/2012,1307
3,7/11/2012,1069
3,7/12/2012,1233
3,7/13/2012,1145
3,7/14/2012,1249
3,7/15/2012,1020
3,7/16/2012,1250
3,7/17/2012,1224
3,7/18/2012,1291
3,7/19/2012,1368
3,7/20/2012,1111
3,7/21/2012,1240
3,7/22/2012,1462
3,7/23/2012,1015
3,7/24/2012,1060
3,7/25/2012,1083
3,7/26/2012,1036
3,7/27/2012,1078
3,7/28/2012,1200
3,7/29/2012,1332
3,7/30/2012,1208
3,7/31/2012,1405
3,8/1/2012,1347
3,8/2/2012,1361
3,8/3/2012,1468
3,8/4/2012,1033
3,8/5/2012,1427
3,8/6/2012,1470
3,8/7/2012,1150
3,8/8/2012,1361
3,8/9/2012,1417
3,8/10/2012,1117
3,8/11/2012,1375
3,8/12/2012,1422
3,8/13/2012,1383
3,8/14/2012,1034
3,8/15/2012,1300
3,8/16/2012,1411
3,8/17/2012,1086
3,8/18/2012,1389
3,8/19/2012,1297
3,8/20/2012,1015
3,8/21/2012,1204
3,8/22/2012,1493
3,8/23/2012,1093
3,8/24/2012,1080
3,8/25/2012,1276
3,8/26/2012,1234
3,8/27/2012,1253
3,8/28/2012,1337
3,8/29/2012,1281
3,8/30/2012,1136
3,8/31/2012,1465
3,9/1/2012,1291
3,9/2/2012,1128
3,9/3/2012,1160
3,9/4/2012,1245
3,9/5/2012,1179
3,9/6/2012,1218
3,9/7/2012,1445
3,9/8/2012,1336
3,9/9/2012,1183
3,9/10/2012,1499
3,9/11/2012,1440
3,9/12/2012,1045
3,9/13/2012,1042
3,9/14/2012,1041
3,9/15/2012,1055
3,9/16/2012,1295
3,9/17/2012,1467
3,9/18/2012,1116
3,9/19/2012,1303
3,9/20/2012,1133
3,9/21/2012,1316
3,9/22/2012,1456
3,9/23/2012,1198
3,9/24/2012,1110
3,9/25/2012,1264
3,9/26/2012,1413
3,9/27/2012,1076
3,9/28/2012,1208
3,9/29/2012,1488
3,9/30/2012,1427
3,10/1/2012,1227
3,10/2/2012,1036
3,10/3/2012,1188
3,10/4/2012,1150
3,10/5/2012,1019
3,10/6/2012,1218
3,10/7/2012,1106
3,10/8/2012,1439
3,10/9/2012,1488
3,10/10/2012,1299
3,10/11/2012,1246
3,10/12/2012,1288
3,10/13/2012,1024
3,10/14/2012,1391
3,10/15/2012,1149
3,10/16/2012,1143
3,10/17/2012,1093
3,10/18/2012,1018
3,10/19/2012,1250
3,10/20/2012,1384
3,10/21/2012,1415
3,10/22/2012,1239
3,10/23/2012,1016
3,10/24/2012,1288
3,10/25/2012,1309
3,10/26/2012,1282
3,10/27/2012,1101
3,10/28/2012,1185
3,10/29/2012,1272
3,10/30/2012,1117
3,10/31/2012,1471
3,11/1/2012,1364
3,11/2/2012,1407
3,11/3/2012,1244
3,11/4/2012,1244
3,11/5/2012,1315
3,11/6/2012,1270
3,11/7/2012,1351
3,11/8/2012,1152
3,11/9/2012,1174
3,11/10/2012,1298
3,11/11/2012,1128
3,11/12/2012,1410
3,11/13/2012,1049
3,11/14/2012,1098
3,11/15/2012,1127
3,11/16/2012,1065
3,11/17/2012,1487
3,11/18/2012,1095
3,11/19/2012,1324
3,11/20/2012,1206
3,11/21/2012,1064
3,11/22/2012,1255
3,11/23/2012,1398
3,11/24/2012,1007
3,11/25/2012,1013
3,11/26/2012,1096
3,11/27/2012,1211
3,11/28/2012,1266
3,11/29/2012,1379
3,11/30/2012,1477
3,12/1/2012,1466
3,12/2/2012,1308
3,12/3/2012,1472
3,12/4/2012,1182
3,12/5/2012,1227
4,12/5/2011,1306
4,12/6/2011,1094
4,12/7/2011,1126
4,12/8/2011,1173
4,12/9/2011,1212
4,12/10/2011,1244
4,12/11/2011,1454
4,12/12/2011,1247
4,12/13/2011,1001
4,12/14/2011,1031
4,12/15/2011,1388
4,12/16/2011,1395
4,12/17/2011,1402
4,12/18/2011,1200
4,12/19/2011,1041
4,12/20/2011,1222
4,12/21/2011,1078
4,12/22/2011,1087
4,12/23/2011,1378
4,12/24/2011,1352
4,12/25/2011,1316
4,12/26/2011,1167
4,12/27/2011,1362
4,12/28/2011,1386
4,12/29/2011,1496
4,12/30/2011,1011
4,12/31/2011,1316
4,1/1/2012,1474
4,1/2/2012,1242
4,1/3/2012,1292
4,1/4/2012,1203
4,1/5/2012,1172
4,1/6/2012,1156
4,1/7/2012,1496
4,1/8/2012,1017
4,1/9/2012,1463
4,1/10/2012,1298
4,1/11/2012,1451
4,1/12/2012,1327
4,1/13/2012,1332
4,1/14/2012,1136
4,1/15/2012,1165
4,1/16/2012,1500
4,1/17/2012,1289
4,1/18/2012,1003
4,1/19/2012,1280
4,1/20/2012,1495
4,1/21/2012,1411
4,1/22/2012,1264
4,1/23/2012,1304
4,1/24/2012,1216
4,1/25/2012,1062
4,1/26/2012,1420
4,1/27/2012,1104
4,1/28/2012,1082
4,1/29/2012,1311
4,1/30/2012,1149
4,1/31/2012,1191
4,2/1/2012,1158
4,2/2/2012,1000
4,2/3/2012,1361
4,2/4/2012,1289
4,2/5/2012,1010
4,2/6/2012,1011
4,2/7/2012,1066
4,2/8/2012,1369
4,2/9/2012,1361
4,2/10/2012,1254
4,2/11/2012,1273
4,2/12/2012,1136
4,2/13/2012,1340
4,2/14/2012,1341
4,2/15/2012,1426
4,2/16/2012,1391
4,2/17/2012,1030
4,2/18/2012,1267
4,2/19/2012,1274
4,2/20/2012,1338
4,2/21/2012,1178
4,2/22/2012,1452
4,2/23/2012,1468
4,2/24/2012,1464
4,2/25/2012,1457
4,2/26/2012,1087
4,2/27/2012,1311
4,2/28/2012,1442
4,2/29/2012,1050
4,3/1/2012,1234
4,3/2/2012,1335
4,3/3/2012,1001
4,3/4/2012,1102
4,3/5/2012,1172
4,3/6/2012,1209
4,3/7/2012,1131
4,3/8/2012,1167
4,3/9/2012,1304
4,3/10/2012,1274
4,3/11/2012,1302
4,3/12/2012,1438
4,3/13/2012,1071
4,3/14/2012,1340
4,3/15/2012,1304
4,3/16/2012,1095
4,3/17/2012,1477
4,3/18/2012,1386
4,3/19/2012,1347
4,3/20/2012,1109
4,3/21/2012,1284
4,3/22/2012,1113
4,3/23/2012,1009
4,3/24/2012,1450
4,3/25/2012,1261
4,3/26/2012,1006
4,3/27/2012,1242
4,3/28/2012,1083
4,3/29/2012,1239
4,3/30/2012,1083
4,3/31/2012,1235
4,4/1/2012,1038
4,4/2/2012,1475
4,4/3/2012,1036
4,4/4/2012,1344
4,4/5/2012,1072
4,4/6/2012,1425
4,4/7/2012,1347
4,4/8/2012,1099
4,4/9/2012,1007
4,4/10/2012,1433
4,4/11/2012,1194
4,4/12/2012,1235
4,4/13/2012,1133
4,4/14/2012,1424
4,4/15/2012,1058
4,4/16/2012,1097
4,4/17/2012,1135
4,4/18/2012,1253
4,4/19/2012,1188
4,4/20/2012,1192
4,4/21/2012,1185
4,4/22/2012,1167
4,4/23/2012,1147
4,4/24/2012,1451
4,4/25/2012,1336
4,4/26/2012,1175
4,4/27/2012,1053
4,4/28/2012,1082
4,4/29/2012,1437
4,4/30/2012,1185
4,5/1/2012,1467
4,5/2/2012,1380
4,5/3/2012,1425
4,5/4/2012,1232
4,5/5/2012,1225
4,5/6/2012,1200
4,5/7/2012,1473
4,5/8/2012,1318
4,5/9/2012,1178
4,5/10/2012,1444
4,5/11/2012,1005
4,5/12/2012,1375
4,5/13/2012,1398
4,5/14/2012,1070
4,5/15/2012,1047
4,5/16/2012,1091
4,5/17/2012,1089
4,5/18/2012,1390
4,5/19/2012,1307
4,5/20/2012,1495
4,5/21/2012,1312
4,5/22/2012,1101
4,5/23/2012,1336
4,5/24/2012,1190
4,5/25/2012,1430
4,5/26/2012,1416
4,5/27/2012,1054
4,5/28/2012,1336
4,5/29/2012,1391
4,5/30/2012,1133
4,5/31/2012,1032
4,6/1/2012,1076
4,6/2/2012,1490
4,6/3/2012,1483
4,6/4/2012,1134
4,6/5/2012,1236
4,6/6/2012,1272
4,6/7/2012,1138
4,6/8/2012,1178
4,6/9/2012,1054
4,6/10/2012,1093
4,6/11/2012,1094
4,6/12/2012,1014
4,6/13/2012,1048
4,6/14/2012,1182
4,6/15/2012,1058
4,6/16/2012,1017
4,6/17/2012,1160
4,6/18/2012,1294
4,6/19/2012,1087
4,6/20/2012,1246
4,6/21/2012,1304
4,6/22/2012,1305
4,6/23/2012,1220
4,6/24/2012,1485
4,6/25/2012,1120
4,6/26/2012,1350
4,6/27/2012,1397
4,6/28/2012,1476
4,6/29/2012,1141
4,6/30/2012,1220
4,7/1/2012,1069
4,7/2/2012,1486
4,7/3/2012,1447
4,7/4/2012,1021
4,7/5/2012,1035
4,7/6/2012,1116
4,7/7/2012,1209
4,7/8/2012,1132
4,7/9/2012,1427
4,7/10/2012,1457
4,7/11/2012,1140
4,7/12/2012,1159
4,7/13/2012,1433
4,7/14/2012,1381
4,7/15/2012,1198
4,7/16/2012,1166
4,7/17/2012,1132
4,7/18/2012,1061
4,7/19/2012,1260
4,7/20/2012,1227
4,7/21/2012,1309
4,7/22/2012,1326
4,7/23/2012,1382
4,7/24/2012,1223
4,7/25/2012,1421
4,7/26/2012,1156
4,7/27/2012,1046
4,7/28/2012,1024
4,7/29/2012,1213
4,7/30/2012,1478
4,7/31/2012,1211
4,8/1/2012,1331
4,8/2/2012,1138
4,8/3/2012,1045
4,8/4/2012,1445
4,8/5/2012,1331
4,8/6/2012,1097
4,8/7/2012,1187
4,8/8/2012,1401
4,8/9/2012,1432
4,8/10/2012,1485
4,8/11/2012,1438
4,8/12/2012,1403
4,8/13/2012,1254
4,8/14/2012,1399
4,8/15/2012,1322
4,8/16/2012,1193
4,8/17/2012,1001
4,8/18/2012,1261
4,8/19/2012,1108
4,8/20/2012,1203
4,8/21/2012,1165
4,8/22/2012,1283
4,8/23/2012,1288
4,8/24/2012,1183
4,8/25/2012,1252
4,8/26/2012,1163
4,8/27/2012,1067
4,8/28/2012,1313
4,8/29/2012,1201
4,8/30/2012,1475
4,8/31/2012,1108
4,9/1/2012,1453
4,9/2/2012,1455
4,9/3/2012,1286
4,9/4/2012,1188
4,9/5/2012,1363
4,9/6/2012,1450
4,9/7/2012,1302
4,9/8/2012,1358
4,9/9/2012,1279
4,9/10/2012,1141
4,9/11/2012,1325
4,9/12/2012,1062
4,9/13/2012,1109
4,9/14/2012,1206
4,9/15/2012,1034
4,9/16/2012,1352
4,9/17/2012,1374
4,9/18/2012,1456
4,9/19/2012,1155
4,9/20/2012,1236
4,9/21/2012,1403
4,9/22/2012,1228
4,9/23/2012,1327
4,9/24/2012,1088
4,9/25/2012,1035
4,9/26/2012,1178
4,9/27/2012,1164
4,9/28/2012,1477
4,9/29/2012,1436
4,9/30/2012,1396
4,10/1/2012,1274
4,10/2/2012,1457
4,10/3/2012,1226
4,10/4/2012,1273
4,10/5/2012,1292
4,10/6/2012,1463
4,10/7/2012,1242
4,10/8/2012,1493
4,10/9/2012,1175
4,10/10/2012,1055
4,10/11/2012,1299
4,10/12/2012,1170
4,10/13/2012,1093
4,10/14/2012,1121
4,10/15/2012,1303
4,10/16/2012,1126
4,10/17/2012,1189
4,10/18/2012,1303
4,10/19/2012,1388
4,10/20/2012,1280
4,10/21/2012,1338
4,10/22/2012,1219
4,10/23/2012,1178
4,10/24/2012,1408
4,10/25/2012,1418
4,10/26/2012,1096
4,10/27/2012,1180
4,10/28/2012,1118
4,10/29/2012,1101
4,10/30/2012,1196
4,10/31/2012,1212
4,11/1/2012,1259
4,11/2/2012,1387
4,11/3/2012,1011
4,11/4/2012,1133
4,11/5/2012,1476
4,11/6/2012,1097
4,11/7/2012,1349
4,11/8/2012,1463
4,11/9/2012,1393
4,11/10/2012,1271
4,11/11/2012,1251
4,11/12/2012,1193
4,11/13/2012,1077
4,11/14/2012,1300
4,11/15/2012,1020
4,11/16/2012,1327
4,11/17/2012,1402
4,11/18/2012,1255
4,11/19/2012,1393
4,11/20/2012,1227
4,11/21/2012,1285
4,11/22/2012,1420
4,11/23/2012,1322
4,11/24/2012,1359
4,11/25/2012,1322
4,11/26/2012,1056
4,11/27/2012,1442
4,11/28/2012,1293
4,11/29/2012,1288
4,11/30/2012,1397
4,12/1/2012,1327
4,12/2/2012,1459
4,12/3/2012,1170
4,12/4/2012,1072
4,12/5/2012,1438
5,12/5/2011,1242
5,12/6/2011,1313
5,12/7/2011,1466
5,12/8/2011,1038
5,12/9/2011,1203
5,12/10/2011,1053
5,12/11/2011,1209
5,12/12/2011,1314
5,12/13/2011,1250
5,12/14/2011,1159
5,12/15/2011,1039
5,12/16/2011,1487
5,12/17/2011,1265
5,12/18/2011,1213
5,12/19/2011,1063
5,12/20/2011,1146
5,12/21/2011,1479
5,12/22/2011,1196
5,12/23/2011,1233
5,12/24/2011,1376
5,12/25/2011,1170
5,12/26/2011,1074
5,12/27/2011,1360
5,12/28/2011,1040
5,12/29/2011,1063
5,12/30/2011,1214
5,12/31/2011,1451
5,1/1/2012,1222
5,1/2/2012,1192
5,1/3/2012,1491
5,1/4/2012,1214
5,1/5/2012,1324
5,1/6/2012,1326
5,1/7/2012,1010
5,1/8/2012,1371
5,1/9/2012,1020
5,1/10/2012,1401
5,1/11/2012,1400
5,1/12/2012,1051
5,1/13/2012,1150
5,1/14/2012,1352
5,1/15/2012,1066
5,1/16/2012,1384
5,1/17/2012,1423
5,1/18/2012,1042
5,1/19/2012,1296
5,1/20/2012,1301
5,1/21/2012,1316
5,1/22/2012,1019
5,1/23/2012,1368
5,1/24/2012,1198
5,1/25/2012,1285
5,1/26/2012,1150
5,1/27/2012,1483
5,1/28/2012,1193
5,1/29/2012,1169
5,1/30/2012,1343
5,1/31/2012,1467
5,2/1/2012,1344
5,2/2/2012,1168
5,2/3/2012,1079
5,2/4/2012,1379
5,2/5/2012,1028
5,2/6/2012,1058
5,2/7/2012,1233
5,2/8/2012,1044
5,2/9/2012,1057
5,2/10/2012,1043
5,2/11/2012,1050
5,2/12/2012,1245
5,2/13/2012,1128
5,2/14/2012,1126
5,2/15/2012,1183
5,2/16/2012,1463
5,2/17/2012,1201
5,2/18/2012,1329
5,2/19/2012,1362
5,2/20/2012,1350
5,2/21/2012,1368
5,2/22/2012,1014
5,2/23/2012,1246
5,2/24/2012,1470
5,2/25/2012,1354
5,2/26/2012,1139
5,2/27/2012,1332
5,2/28/2012,1218
5,2/29/2012,1137
5,3/1/2012,1407
5,3/2/2012,1225
5,3/3/2012,1336
5,3/4/2012,1306
5,3/5/2012,1142
5,3/6/2012,1499
5,3/7/2012,1147
5,3/8/2012,1334
5,3/9/2012,1111
5,3/10/2012,1366
5,3/11/2012,1098
5,3/12/2012,1408
5,3/13/2012,1497
5,3/14/2012,1282
5,3/15/2012,1011
5,3/16/2012,1049
5,3/17/2012,1405
5,3/18/2012,1317
5,3/19/2012,1036
5,3/20/2012,1283
5,3/21/2012,1031
5,3/22/2012,1416
5,3/23/2012,1283
5,3/24/2012,1362
5,3/25/2012,1154
5,3/26/2012,1220
5,3/27/2012,1494
5,3/28/2012,1245
5,3/29/2012,1078
5,3/30/2012,1467
5,3/31/2012,1075
5,4/1/2012,1254
5,4/2/2012,1415
5,4/3/2012,1313
5,4/4/2012,1064
5,4/5/2012,1058
5,4/6/2012,1037
5,4/7/2012,1484
5,4/8/2012,1359
5,4/9/2012,1063
5,4/10/2012,1053
5,4/11/2012,1329
5,4/12/2012,1064
5,4/13/2012,1144
5,4/14/2012,1172
5,4/15/2012,1372
5,4/16/2012,1477
5,4/17/2012,1023
5,4/18/2012,1450
5,4/19/2012,1114
5,4/20/2012,1138
5,4/21/2012,1425
5,4/22/2012,1367
5,4/23/2012,1451
5,4/24/2012,1438
5,4/25/2012,1074
5,4/26/2012,1261
5,4/27/2012,1142
5,4/28/2012,1397
5,4/29/2012,1009
5,4/30/2012,1362
5,5/1/2012,1457
5,5/2/2012,1097
5,5/3/2012,1356
5,5/4/2012,1168
5,5/5/2012,1135
5,5/6/2012,1126
5,5/7/2012,1145
5,5/8/2012,1193
5,5/9/2012,1250
5,5/10/2012,1047
5,5/11/2012,1321
5,5/12/2012,1019
5,5/13/2012,1128
5,5/14/2012,1165
5,5/15/2012,1195
5,5/16/2012,1225
5,5/17/2012,1067
5,5/18/2012,1026
5,5/19/2012,1453
5,5/20/2012,1006
5,5/21/2012,1123
5,5/22/2012,1293
5,5/23/2012,1321
5,5/24/2012,1499
5,5/25/2012,1486
5,5/26/2012,1354
5,5/27/2012,1459
5,5/28/2012,1336
5,5/29/2012,1484
5,5/30/2012,1129
5,5/31/2012,1098
5,6/1/2012,1141
5,6/2/2012,1136
5,6/3/2012,1494
5,6/4/2012,1426
5,6/5/2012,1057
5,6/6/2012,1293
5,6/7/2012,1072
5,6/8/2012,1097
5,6/9/2012,1168
5,6/10/2012,1034
5,6/11/2012,1122
5,6/12/2012,1234
5,6/13/2012,1312
5,6/14/2012,1040
5,6/15/2012,1169
5,6/16/2012,1088
5,6/17/2012,1210
5,6/18/2012,1077
5,6/19/2012,1185
5,6/20/2012,1138
5,6/21/2012,1394
5,6/22/2012,1233
5,6/23/2012,1097
5,6/24/2012,1482
5,6/25/2012,1299
5,6/26/2012,1377
5,6/27/2012,1365
5,6/28/2012,1191
5,6/29/2012,1030
5,6/30/2012,1176
5,7/1/2012,1061
5,7/2/2012,1380
5,7/3/2012,1118
5,7/4/2012,1003
5,7/5/2012,1454
5,7/6/2012,1185
5,7/7/2012,1043
5,7/8/2012,1382
5,7/9/2012,1015
5,7/10/2012,1016
5,7/11/2012,1204
5,7/12/2012,1442
5,7/13/2012,1108
5,7/14/2012,1324
5,7/15/2012,1216
5,7/16/2012,1342
5,7/17/2012,1060
5,7/18/2012,1456
5,7/19/2012,1336
5,7/20/2012,1213
5,7/21/2012,1413
5,7/22/2012,1029
5,7/23/2012,1322
5,7/24/2012,1411
5,7/25/2012,1362
5,7/26/2012,1160
5,7/27/2012,1473
5,7/28/2012,1256
5,7/29/2012,1487
5,7/30/2012,1083
5,7/31/2012,1291
5,8/1/2012,1106
5,8/2/2012,1322
5,8/3/2012,1154
5,8/4/2012,1094
5,8/5/2012,1472
5,8/6/2012,1073
5,8/7/2012,1496
5,8/8/2012,1367
5,8/9/2012,1397
5,8/10/2012,1251
5,8/11/2012,1355
5,8/12/2012,1270
5,8/13/2012,1039
5,8/14/2012,1287
5,8/15/2012,1410
5,8/16/2012,1467
5,8/17/2012,1161
5,8/18/2012,1106
5,8/19/2012,1365
5,8/20/2012,1203
5,8/21/2012,1433
5,8/22/2012,1009
5,8/23/2012,1490
5,8/24/2012,1331
5,8/25/2012,1030
5,8/26/2012,1128
5,8/27/2012,1095
5,8/28/2012,1142
5,8/29/2012,1418
5,8/30/2012,1119
5,8/31/2012,1141
5,9/1/2012,1068
5,9/2/2012,1450
5,9/3/2012,1408
5,9/4/2012,1397
5,9/5/2012,1482
5,9/6/2012,1093
5,9/7/2012,1296
5,9/8/2012,1167
5,9/9/2012,1411
5,9/10/2012,1372
5,9/11/2012,1114
5,9/12/2012,1336
5,9/13/2012,1390
5,9/14/2012,1378
5,9/15/2012,1359
5,9/16/2012,1212
5,9/17/2012,1084
5,9/18/2012,1056
5,9/19/2012,1334
5,9/20/2012,1376
5,9/21/2012,1245
5,9/22/2012,1282
5,9/23/2012,1177
5,9/24/2012,1193
5,9/25/2012,1476
5,9/26/2012,1194
5,9/27/2012,1406
5,9/28/2012,1065
5,9/29/2012,1234
5,9/30/2012,1197
5,10/1/2012,1350
5,10/2/2012,1283
5,10/3/2012,1033
5,10/4/2012,1195
5,10/5/2012,1437
5,10/6/2012,1372
5,10/7/2012,1377
5,10/8/2012,1431
5,10/9/2012,1451
5,10/10/2012,1328
5,10/11/2012,1074
5,10/12/2012,1160
5,10/13/2012,1012
5,10/14/2012,1111
5,10/15/2012,1302
5,10/16/2012,1363
5,10/17/2012,1176
5,10/18/2012,1195
5,10/19/2012,1080
5,10/20/2012,1297
5,10/21/2012,1176
5,10/22/2012,1332
5,10/23/2012,1101
5,10/24/2012,1390
5,10/25/2012,1122
5,10/26/2012,1407
5,10/27/2012,1305
5,10/28/2012,1055
5,10/29/2012,1144
5,10/30/2012,1344
5,10/31/2012,1175
5,11/1/2012,1302
5,11/2/2012,1373
5,11/3/2012,1229
5,11/4/2012,1143
5,11/5/2012,1146
5,11/6/2012,1089
5,11/7/2012,1057
5,11/8/2012,1365
5,11/9/2012,1481
5,11/10/2012,1461
5,11/11/2012,1207
5,11/12/2012,1008
5,11/13/2012,1414
5,11/14/2012,1199
5,11/15/2012,1037
5,11/16/2012,1362
5,11/17/2012,1007
5,11/18/2012,1336
5,11/19/2012,1254
5,11/20/2012,1425
5,11/21/2012,1259
5,11/22/2012,1454
5,11/23/2012,1246
5,11/24/2012,1485
5,11/25/2012,1428
5,11/26/2012,1495
5,11/27/2012,1250
5,11/28/2012,1059
5,11/29/2012,1211
5,11/30/2012,1371
5,12/1/2012,1090
5,12/2/2012,1234
5,12/3/2012,1084
5,12/4/2012,1171
5,12/5/2012,1100
